transaction_id,order_id,original_amount,currency,merchant_name,transaction_date,bank_reference,expected_order_match,expected_gateway_match,expected_bank_match
TXN000001,ORD000001,8911.98,INR,Urban Fashion,2026-08-18,BANK-9C1A113D,True,True,True
TXN000002,ORD000002,1380.9,INR,Tech World,2026-08-19,BANK-22CED1CD,True,True,True
TXN000003,ORD000003,17011.51,INR,Sri Lakshmi Stores,2026-08-11,BANK-04E9054A,True,True,True
TXN000004,ORD000004,9411.0,INR,Urban Fashion,2026-08-18,BANK-09439158,True,True,True
TXN000005,ORD000005,16682.62,INR,Urban Fashion,2026-08-07,BANK-1E5B9B39,True,True,True
TXN000006,ORD000006,24304.41,INR,Sri Lakshmi Stores,2026-08-04,BANK-FFADD994,True,True,True
TXN000007,ORD000007,14238.09,INR,Daily Needs,2026-08-01,BANK-8B3F3329,True,True,True
TXN000008,ORD000008,20471.9,INR,Fresh Mart,2026-08-07,BANK-D7959017,True,True,True
TXN000009,ORD000009,419.43,INR,Fresh Mart,2026-08-01,BANK-66A19703,True,True,True
TXN000010,ORD000010,2166.36,INR,Tech World,2026-08-10,BANK-D3E3E52F,True,True,True
TXN000011,ORD000011,2703.76,INR,Sri Lakshmi Stores,2026-08-07,BANK-C68CC159,True,True,True
TXN000012,ORD000012,6347.69,INR,Urban Fashion,2026-08-18,BANK-0CBE993B,True,True,True
TXN000013,ORD000013,17142.83,INR,Fresh Mart,2026-08-12,BANK-77101D2D,True,True,True
TXN000014,ORD000014,10635.99,INR,ABC Electronics,2026-08-08,BANK-F42B130D,True,True,True
TXN000015,ORD000015,14889.65,INR,Urban Fashion,2026-08-15,BANK-F264B62D,True,True,True
TXN000016,ORD000016,18473.58,INR,Green Grocery,2026-08-02,BANK-CADD5AAF,True,True,True
TXN000017,ORD000017,11769.04,INR,Daily Needs,2026-08-19,BANK-0FCEE897,True,True,True
TXN000018,ORD000018,16621.44,INR,Urban Fashion,2026-08-20,BANK-DBBD8FA1,True,True,True
TXN000019,ORD000019,16366.12,INR,Urban Fashion,2026-08-05,BANK-38D68155,True,True,True
TXN000020,ORD000020,4352.11,INR,Tech World,2026-08-16,BANK-2A096A78,True,True,True
TXN000021,ORD000021,2785.37,INR,Fresh Mart,2026-08-09,BANK-5A12685B,True,True,True
TXN000022,ORD000022,8450.01,INR,Smart Home,2026-08-07,BANK-E117D37F,True,True,True
TXN000023,ORD000023,19411.36,INR,ABC Electronics,2026-08-06,BANK-B57C8E16,True,True,True
TXN000024,ORD000024,23921.57,INR,Urban Fashion,2026-08-07,BANK-4F075140,True,True,True
TXN000025,ORD000025,3805.77,INR,Tech World,2026-08-09,BANK-37ABC645,True,True,True
TXN000026,ORD000026,8649.08,INR,Fresh Mart,2026-08-05,BANK-59524C2D,True,True,True
TXN000027,ORD000027,7839.84,INR,Fresh Mart,2026-08-06,BANK-CF107439,True,True,True
TXN000028,ORD000028,12893.45,INR,Tech World,2026-08-13,BANK-92A46868,True,True,True
TXN000029,ORD000029,8489.1,INR,Daily Needs,2026-08-02,BANK-9CD9897D,True,True,True
TXN000030,ORD000030,9950.61,INR,Tech World,2026-08-10,BANK-257F2BCA,True,True,True
TXN000031,ORD000031,22990.53,INR,Green Grocery,2026-08-11,BANK-4520B095,True,True,True
TXN000032,ORD000032,15781.5,INR,Tech World,2026-08-18,BANK-3AC468D9,True,True,True
TXN000033,ORD000033,2975.38,INR,Daily Needs,2026-08-16,BANK-69F00E65,True,True,True
TXN000034,ORD000034,17267.95,INR,Smart Home,2026-08-20,BANK-DE9D02D4,True,True,True
TXN000035,ORD000035,4209.66,INR,Sri Lakshmi Stores,2026-08-18,BANK-5D393001,True,True,True
TXN000036,ORD000036,4575.45,INR,Daily Needs,2026-08-18,BANK-3C4849C6,True,True,True
TXN000037,ORD000037,572.52,INR,Daily Needs,2026-08-03,BANK-B1E9E592,True,True,True
TXN000038,ORD000038,6266.11,INR,Tech World,2026-08-02,BANK-90DB1B34,True,True,True
TXN000039,ORD000039,23683.23,INR,Daily Needs,2026-08-15,BANK-CBC8249D,True,True,True
TXN000040,ORD000040,17562.13,INR,Tech World,2026-08-15,BANK-AA424671,True,True,True
TXN000041,ORD000041,15115.67,INR,Urban Fashion,2026-08-16,BANK-2C0CDDF0,True,True,True
TXN000042,ORD000042,16766.56,INR,Smart Home,2026-08-05,BANK-B4FAD178,True,True,True
TXN000043,ORD000043,15556.99,INR,Daily Needs,2026-08-19,BANK-19C994D9,True,True,True
TXN000044,ORD000044,21842.51,INR,Tech World,2026-08-05,BANK-A3EB3267,True,True,True
TXN000045,ORD000045,19981.32,INR,Tech World,2026-08-21,BANK-5A391EE7,True,True,True
TXN000046,ORD000046,23087.77,INR,Urban Fashion,2026-08-06,BANK-6C9E740A,True,True,True
TXN000047,ORD000047,16929.73,INR,Smart Home,2026-08-19,BANK-6F81CCD7,True,True,True
TXN000048,ORD000048,7225.87,INR,Urban Fashion,2026-08-10,BANK-ADC83ACE,True,True,True
TXN000049,ORD000049,15732.84,INR,ABC Electronics,2026-08-20,BANK-3F548394,True,True,True
TXN000050,ORD000050,15419.72,INR,Urban Fashion,2026-08-05,BANK-84AD2839,True,True,True
TXN000051,ORD000051,4281.59,INR,Green Grocery,2026-08-11,BANK-9DAB5C95,True,True,True
TXN000052,ORD000052,5306.35,INR,Smart Home,2026-08-21,BANK-D0A1F02F,True,True,True
TXN000053,ORD000053,2283.03,INR,Green Grocery,2026-08-19,BANK-60ECC06C,True,True,True
TXN000054,ORD000054,2908.91,INR,Smart Home,2026-08-16,BANK-410611F5,True,True,True
TXN000055,ORD000055,8040.04,INR,ABC Electronics,2026-08-11,BANK-E79B752F,True,True,True
TXN000056,ORD000056,6620.35,INR,Fresh Mart,2026-08-17,BANK-7C93A318,True,True,True
TXN000057,ORD000057,21203.1,INR,Smart Home,2026-08-14,BANK-DD22DE77,True,True,True
TXN000058,ORD000058,14182.72,INR,Tech World,2026-08-20,BANK-0447EAE2,True,True,True
TXN000059,ORD000059,15806.14,INR,Sri Lakshmi Stores,2026-08-15,BANK-E3DCCBA1,True,True,True
TXN000060,ORD000060,1033.33,INR,Urban Fashion,2026-08-14,BANK-FAEED309,True,True,True
TXN000061,ORD000061,5054.54,INR,Daily Needs,2026-08-05,BANK-446DC2B2,True,True,True
TXN000062,ORD000062,10361.47,INR,ABC Electronics,2026-08-02,BANK-8D83D73E,True,True,True
TXN000063,ORD000063,12420.65,INR,Daily Needs,2026-08-02,BANK-056F3D7E,True,True,True
TXN000064,ORD000064,23242.72,INR,Tech World,2026-08-03,BANK-3D5AC6D8,True,True,True
TXN000065,ORD000065,5901.57,INR,Daily Needs,2026-08-04,BANK-26E9297C,True,True,True
TXN000066,ORD000066,8799.09,INR,Urban Fashion,2026-08-11,BANK-B6AE2B9A,True,True,True
TXN000067,ORD000067,16482.46,INR,Smart Home,2026-08-15,BANK-70F2CE54,True,True,True
TXN000068,ORD000068,19159.87,INR,Green Grocery,2026-08-01,BANK-5647C227,True,True,True
TXN000069,ORD000069,13456.21,INR,Green Grocery,2026-08-04,BANK-FCED7184,True,True,True
TXN000070,ORD000070,23931.37,INR,Green Grocery,2026-08-15,BANK-C503B43B,True,True,True
TXN000071,ORD000071,919.54,INR,Fresh Mart,2026-08-04,BANK-3666358B,True,True,True
TXN000072,ORD000072,20763.87,INR,Smart Home,2026-08-21,BANK-4CEB2548,True,True,True
TXN000073,ORD000073,21005.31,INR,Urban Fashion,2026-08-15,BANK-D1FD8769,True,True,True
TXN000074,ORD000074,13278.17,INR,Daily Needs,2026-08-16,BANK-CAE45E62,True,True,True
TXN000075,ORD000075,20104.69,INR,ABC Electronics,2026-08-09,BANK-8B0B494D,True,True,True
TXN000076,ORD000076,9910.16,INR,Sri Lakshmi Stores,2026-08-19,BANK-D0FB1CD2,True,True,True
TXN000077,ORD000077,6299.99,INR,Sri Lakshmi Stores,2026-08-19,BANK-D2841559,True,True,True
TXN000078,ORD000078,23957.26,INR,Sri Lakshmi Stores,2026-08-04,BANK-D75F6482,True,True,True
TXN000079,ORD000079,9275.88,INR,Daily Needs,2026-08-20,BANK-DF4B9BF3,True,True,True
TXN000080,ORD000080,13034.56,INR,Daily Needs,2026-08-13,BANK-F8B48CE5,True,True,True
TXN000081,ORD000081,3851.33,INR,Smart Home,2026-08-14,BANK-EDED14FC,True,True,True
TXN000082,ORD000082,5351.11,INR,Green Grocery,2026-08-14,BANK-968903AC,True,True,True
TXN000083,ORD000083,2510.03,INR,Green Grocery,2026-08-01,BANK-6C47F773,True,True,True
TXN000084,ORD000084,7825.25,INR,Urban Fashion,2026-08-21,BANK-CAD7A19C,True,True,True
TXN000085,ORD000085,24318.12,INR,Fresh Mart,2026-08-15,BANK-EC23A471,True,True,True
TXN000086,ORD000086,15384.37,INR,Fresh Mart,2026-08-19,BANK-EFB88EC9,True,True,True
TXN000087,ORD000087,19920.31,INR,Smart Home,2026-08-01,BANK-105F2229,True,True,True
TXN000088,ORD000088,6868.48,INR,Urban Fashion,2026-08-08,BANK-C2531325,True,True,True
TXN000089,ORD000089,15917.4,INR,Tech World,2026-08-03,BANK-D9790439,True,True,True
TXN000090,ORD000090,17067.7,INR,Urban Fashion,2026-08-09,BANK-76FB8F82,True,True,True
TXN000091,ORD000091,1523.9,INR,Tech World,2026-08-04,BANK-C3368356,True,True,True
TXN000092,ORD000092,23077.1,INR,ABC Electronics,2026-08-17,BANK-19ECEA89,True,True,True
TXN000093,ORD000093,24870.77,INR,Sri Lakshmi Stores,2026-08-12,BANK-68D5E8BE,True,True,True
TXN000094,ORD000094,18647.95,INR,Daily Needs,2026-08-09,BANK-A1D37640,True,True,True
TXN000095,ORD000095,23011.88,INR,Smart Home,2026-08-13,BANK-3564A7FA,True,True,True
TXN000096,ORD000096,7095.28,INR,Daily Needs,2026-08-09,BANK-96F3C894,True,True,True
TXN000097,ORD000097,16708.0,INR,Tech World,2026-08-11,BANK-C4411BE5,True,True,True
TXN000098,ORD000098,14586.68,INR,ABC Electronics,2026-08-07,BANK-B0268980,True,True,True
TXN000099,ORD000099,14294.26,INR,Urban Fashion,2026-08-18,BANK-B83A3CDD,True,True,True
TXN000100,ORD000100,7657.37,INR,Sri Lakshmi Stores,2026-08-03,BANK-8AFFF751,True,True,True
TXN000101,ORD000101,10891.87,INR,Daily Needs,2026-08-12,BANK-712E7E49,True,True,True
TXN000102,ORD000102,1341.53,INR,Smart Home,2026-08-01,BANK-48CF45C2,True,True,True
TXN000103,ORD000103,20380.19,INR,Green Grocery,2026-08-15,BANK-886F6CEA,True,True,True
TXN000104,ORD000104,8531.9,INR,Daily Needs,2026-08-15,BANK-827A758E,True,True,True
TXN000105,ORD000105,20397.55,INR,ABC Electronics,2026-08-17,BANK-2CF3AEF8,True,True,True
TXN000106,ORD000106,20941.83,INR,Fresh Mart,2026-08-18,BANK-B9C05CE0,True,True,True
TXN000107,ORD000107,3056.58,INR,Fresh Mart,2026-08-06,BANK-FDD51795,True,True,True
TXN000108,ORD000108,8368.86,INR,Sri Lakshmi Stores,2026-08-04,BANK-7272894E,True,True,True
TXN000109,ORD000109,16553.24,INR,Fresh Mart,2026-08-17,BANK-041CE438,True,True,True
TXN000110,ORD000110,3688.52,INR,ABC Electronics,2026-08-08,BANK-2455F37A,True,True,True
TXN000111,ORD000111,6336.98,INR,Daily Needs,2026-08-16,BANK-C3051C1E,True,True,True
TXN000112,ORD000112,12244.81,INR,Fresh Mart,2026-08-01,BANK-7DEE2378,True,True,True
TXN000113,ORD000113,5633.96,INR,Fresh Mart,2026-08-12,BANK-CE254348,True,True,True
TXN000114,ORD000114,19013.52,INR,Tech World,2026-08-09,BANK-779D2609,True,True,True
TXN000115,ORD000115,6760.54,INR,Tech World,2026-08-03,BANK-AF566704,True,True,True
TXN000116,ORD000116,22906.77,INR,Green Grocery,2026-08-18,BANK-F931351D,True,True,True
TXN000117,ORD000117,22743.29,INR,Fresh Mart,2026-08-12,BANK-5563B2F1,True,True,True
TXN000118,ORD000118,5702.02,INR,Tech World,2026-08-05,BANK-15937B58,True,True,True
TXN000119,ORD000119,20613.38,INR,ABC Electronics,2026-08-11,BANK-F708C1C7,True,True,True
TXN000120,ORD000120,8658.78,INR,Tech World,2026-08-02,BANK-388F347E,True,True,True
TXN000121,ORD000121,16727.06,INR,Tech World,2026-08-06,BANK-30B23873,True,True,True
TXN000122,ORD000122,22874.4,INR,Fresh Mart,2026-08-21,BANK-BDAC0EEC,True,True,True
TXN000123,ORD000123,12275.63,INR,ABC Electronics,2026-08-04,BANK-6788D4F3,True,True,True
TXN000124,ORD000124,8108.35,INR,Sri Lakshmi Stores,2026-08-18,BANK-56A23C9B,True,True,True
TXN000125,ORD000125,5851.47,INR,Green Grocery,2026-08-08,BANK-5ADC05A4,True,True,True
TXN000126,ORD000126,11158.83,INR,Daily Needs,2026-08-16,BANK-9F62E31D,True,True,True
TXN000127,ORD000127,3339.47,INR,Fresh Mart,2026-08-18,BANK-CDF813E8,True,True,True
TXN000128,ORD000128,2301.0,INR,Smart Home,2026-08-18,BANK-08823BB4,True,True,True
TXN000129,ORD000129,2435.35,INR,ABC Electronics,2026-08-10,BANK-71DDA58D,True,True,True
TXN000130,ORD000130,23066.3,INR,Sri Lakshmi Stores,2026-08-03,BANK-3E0D7052,True,True,True
TXN000131,ORD000131,22345.16,INR,Fresh Mart,2026-08-19,BANK-46449EE5,True,True,True
TXN000132,ORD000132,19431.91,INR,Sri Lakshmi Stores,2026-08-02,BANK-9A2ADA25,True,True,True
TXN000133,ORD000133,13669.73,INR,Smart Home,2026-08-03,BANK-B26976B4,True,True,True
TXN000134,ORD000134,11396.69,INR,Urban Fashion,2026-08-02,BANK-8BB091E6,True,True,True
TXN000135,ORD000135,736.42,INR,Green Grocery,2026-08-16,BANK-CE0B525F,True,True,True
TXN000136,ORD000136,2678.51,INR,Tech World,2026-08-09,BANK-94CCBF62,True,True,True
TXN000137,ORD000137,18592.52,INR,Tech World,2026-08-18,BANK-648D0D98,True,True,True
TXN000138,ORD000138,19007.85,INR,Tech World,2026-08-03,BANK-31C0A610,True,True,True
TXN000139,ORD000139,14475.32,INR,Green Grocery,2026-08-12,BANK-DA5F09BA,True,True,True
TXN000140,ORD000140,23212.45,INR,Tech World,2026-08-17,BANK-D7AFEB28,True,True,True
TXN000141,ORD000141,13961.39,INR,Smart Home,2026-08-15,BANK-85225B2E,True,True,True
TXN000142,ORD000142,9459.3,INR,ABC Electronics,2026-08-14,BANK-F7213868,True,True,True
TXN000143,ORD000143,18960.28,INR,Urban Fashion,2026-08-10,BANK-66E0A20E,True,True,True
TXN000144,ORD000144,12825.89,INR,ABC Electronics,2026-08-21,BANK-61F45B67,True,True,True
TXN000145,ORD000145,10557.43,INR,Green Grocery,2026-08-09,BANK-801E40E1,True,True,True
TXN000146,ORD000146,11003.93,INR,Green Grocery,2026-08-21,BANK-5C0F70F6,True,True,True
TXN000147,ORD000147,20743.42,INR,Urban Fashion,2026-08-07,BANK-258782F7,True,True,True
TXN000148,ORD000148,15442.26,INR,Urban Fashion,2026-08-11,BANK-47D77235,True,True,True
TXN000149,ORD000149,7292.92,INR,Green Grocery,2026-08-05,BANK-FE7FAC9C,True,True,True
TXN000150,ORD000150,17647.57,INR,Sri Lakshmi Stores,2026-08-03,BANK-4781FF30,True,True,True
TXN000151,ORD000151,14308.45,INR,Daily Needs,2026-08-02,BANK-971FE797,True,True,True
TXN000152,ORD000152,16247.93,INR,Tech World,2026-08-12,BANK-49849D77,True,True,True
TXN000153,ORD000153,500.85,INR,ABC Electronics,2026-08-17,BANK-6F3C3CDB,True,True,True
TXN000154,ORD000154,12904.83,INR,Green Grocery,2026-08-02,BANK-C077BC29,True,True,True
TXN000155,ORD000155,17326.39,INR,Green Grocery,2026-08-15,BANK-3E8EDB90,True,True,True
TXN000156,ORD000156,18500.05,INR,Green Grocery,2026-08-08,BANK-F766E945,True,True,True
TXN000157,ORD000157,7937.78,INR,ABC Electronics,2026-08-08,BANK-0FEBADA7,True,True,True
TXN000158,ORD000158,5389.76,INR,Green Grocery,2026-08-08,BANK-5B6362DB,True,True,True
TXN000159,ORD000159,6598.98,INR,Daily Needs,2026-08-18,BANK-760CC6EF,True,True,True
TXN000160,ORD000160,6660.71,INR,Tech World,2026-08-08,BANK-A3274F6B,True,True,True
TXN000161,ORD000161,19717.45,INR,Sri Lakshmi Stores,2026-08-21,BANK-012A47CA,True,True,True
TXN000162,ORD000162,11569.92,INR,Daily Needs,2026-08-17,BANK-92E7D7C6,True,True,True
TXN000163,ORD000163,17645.51,INR,Fresh Mart,2026-08-20,BANK-39CFF933,True,True,True
TXN000164,ORD000164,20759.57,INR,Smart Home,2026-08-20,BANK-70DF8BB7,True,True,True
TXN000165,ORD000165,9120.65,INR,Green Grocery,2026-08-18,BANK-80E6541F,True,True,True
TXN000166,ORD000166,10948.61,INR,Green Grocery,2026-08-10,BANK-6C93FBBA,True,True,True
TXN000167,ORD000167,15928.24,INR,Fresh Mart,2026-08-02,BANK-4864FC07,True,True,True
TXN000168,ORD000168,8740.35,INR,Fresh Mart,2026-08-12,BANK-CE521737,True,True,True
TXN000169,ORD000169,6894.59,INR,Daily Needs,2026-08-04,BANK-EAA49217,True,True,True
TXN000170,ORD000170,16479.43,INR,ABC Electronics,2026-08-09,BANK-B768A73A,True,True,True
TXN000171,ORD000171,17535.39,INR,ABC Electronics,2026-08-21,BANK-DED3406F,True,True,True
TXN000172,ORD000172,15757.81,INR,Sri Lakshmi Stores,2026-08-16,BANK-861E7789,True,True,True
TXN000173,ORD000173,1499.33,INR,Tech World,2026-08-05,BANK-EE4C63EC,True,True,True
TXN000174,ORD000174,19223.34,INR,ABC Electronics,2026-08-13,BANK-92131E23,True,True,True
TXN000175,ORD000175,1825.87,INR,Green Grocery,2026-08-17,BANK-50C266DE,True,True,True
TXN000176,ORD000176,704.8,INR,Tech World,2026-08-15,BANK-F33A6D36,True,True,True
TXN000177,ORD000177,4450.56,INR,Daily Needs,2026-08-07,BANK-EAF5C3E8,True,True,True
TXN000178,ORD000178,20039.67,INR,Urban Fashion,2026-08-02,BANK-DAE24F2A,True,True,True
TXN000179,ORD000179,7738.47,INR,Daily Needs,2026-08-19,BANK-3AA8737C,True,True,True
TXN000180,ORD000180,8134.16,INR,Urban Fashion,2026-08-20,BANK-12BB4860,True,True,True
TXN000181,ORD000181,21082.55,INR,Sri Lakshmi Stores,2026-08-04,BANK-1F5B8176,True,True,True
TXN000182,ORD000182,20662.91,INR,Fresh Mart,2026-08-02,BANK-4CF8A00E,True,True,True
TXN000183,ORD000183,23667.73,INR,ABC Electronics,2026-08-17,BANK-BC8414D2,True,True,True
TXN000184,ORD000184,1749.8,INR,Sri Lakshmi Stores,2026-08-07,BANK-86E1F472,True,True,True
TXN000185,ORD000185,17471.97,INR,Sri Lakshmi Stores,2026-08-09,BANK-29E4EC01,True,True,True
TXN000186,ORD000186,21018.61,INR,Green Grocery,2026-08-15,BANK-6FD6F882,True,True,True
TXN000187,ORD000187,8098.74,INR,Green Grocery,2026-08-11,BANK-8DD444EE,True,True,True
TXN000188,ORD000188,8283.11,INR,Green Grocery,2026-08-18,BANK-F26EE23C,True,True,True
TXN000189,ORD000189,7577.31,INR,Smart Home,2026-08-08,BANK-35168FAD,True,True,True
TXN000190,ORD000190,9706.33,INR,Tech World,2026-08-20,BANK-C8FFE625,True,True,True
TXN000191,ORD000191,13704.27,INR,ABC Electronics,2026-08-16,BANK-8F6C6B9D,True,True,True
TXN000192,ORD000192,6798.4,INR,Green Grocery,2026-08-10,BANK-44495285,True,True,True
TXN000193,ORD000193,22878.28,INR,Urban Fashion,2026-08-14,BANK-036E37C7,True,True,True
TXN000194,ORD000194,2500.29,INR,Urban Fashion,2026-08-14,BANK-3445F961,True,True,True
TXN000195,ORD000195,6862.99,INR,Tech World,2026-08-18,BANK-9F7817CD,True,True,True
TXN000196,ORD000196,3759.03,INR,Daily Needs,2026-08-16,BANK-76608726,True,True,True
TXN000197,ORD000197,22961.59,INR,Smart Home,2026-08-20,BANK-3986C5E7,True,True,True
TXN000198,ORD000198,10033.59,INR,Urban Fashion,2026-08-02,BANK-88715288,True,True,True
TXN000199,ORD000199,5654.49,INR,Green Grocery,2026-08-20,BANK-69CF63C1,True,True,True
TXN000200,ORD000200,3909.24,INR,Daily Needs,2026-08-21,BANK-76D8F37B,True,True,True
TXN000201,ORD000201,699.19,INR,Green Grocery,2026-08-11,BANK-BAB4049C,True,True,True
TXN000202,ORD000202,4256.2,INR,Sri Lakshmi Stores,2026-08-04,BANK-9BDB8AE7,True,True,True
TXN000203,ORD000203,23957.78,INR,Sri Lakshmi Stores,2026-08-14,BANK-9CF4E261,True,True,True
TXN000204,ORD000204,22417.95,INR,ABC Electronics,2026-08-02,BANK-24938E64,True,True,True
TXN000205,ORD000205,17951.13,INR,Fresh Mart,2026-08-13,BANK-6BC58DFD,True,True,True
TXN000206,ORD000206,14666.56,INR,Urban Fashion,2026-08-16,BANK-1F470BAC,True,True,True
TXN000207,ORD000207,14510.62,INR,Sri Lakshmi Stores,2026-08-11,BANK-C8039818,True,True,True
TXN000208,ORD000208,12526.25,INR,Fresh Mart,2026-08-16,BANK-563AD2E7,True,True,True
TXN000209,ORD000209,18001.59,INR,ABC Electronics,2026-08-21,BANK-50771E00,True,True,True
TXN000210,ORD000210,9486.0,INR,Fresh Mart,2026-08-13,BANK-990DA7E3,True,True,True
TXN000211,ORD000211,19876.26,INR,Fresh Mart,2026-08-13,BANK-360FCC13,True,True,True
TXN000212,ORD000212,12054.69,INR,Fresh Mart,2026-08-14,BANK-FA7D70B8,True,True,True
TXN000213,ORD000213,6730.04,INR,Green Grocery,2026-08-10,BANK-8B7A09AB,True,True,True
TXN000214,ORD000214,21167.14,INR,Smart Home,2026-08-17,BANK-7CA45A6C,True,True,True
TXN000215,ORD000215,11561.49,INR,Urban Fashion,2026-08-08,BANK-C2E42AEE,True,True,True
TXN000216,ORD000216,22241.52,INR,Fresh Mart,2026-08-02,BANK-B2990491,True,True,True
TXN000217,ORD000217,14441.1,INR,Urban Fashion,2026-08-12,BANK-0FD0FB76,True,True,True
TXN000218,ORD000218,5124.94,INR,Smart Home,2026-08-17,BANK-A3289DB7,True,True,True
TXN000219,ORD000219,4581.39,INR,Smart Home,2026-08-02,BANK-C2669253,True,True,True
TXN000220,ORD000220,16669.88,INR,Smart Home,2026-08-15,BANK-03C022A4,True,True,True
TXN000221,ORD000221,18690.15,INR,Urban Fashion,2026-08-21,BANK-88C92FC5,True,True,True
TXN000222,ORD000222,547.83,INR,Daily Needs,2026-08-03,BANK-0CBE4941,True,True,True
TXN000223,ORD000223,3297.22,INR,Green Grocery,2026-08-04,BANK-B48531CC,True,True,True
TXN000224,ORD000224,10330.41,INR,Green Grocery,2026-08-12,BANK-3A2F5013,True,True,True
TXN000225,ORD000225,18086.55,INR,Urban Fashion,2026-08-05,BANK-0153600D,True,True,True
TXN000226,ORD000226,5115.94,INR,Tech World,2026-08-13,BANK-A481790E,True,True,True
TXN000227,ORD000227,3371.53,INR,Smart Home,2026-08-13,BANK-C543C89A,True,True,True
TXN000228,ORD000228,19802.97,INR,ABC Electronics,2026-08-18,BANK-E5586F87,True,True,True
TXN000229,ORD000229,14246.93,INR,ABC Electronics,2026-08-16,BANK-A49F0D6C,True,True,True
TXN000230,ORD000230,20056.76,INR,Sri Lakshmi Stores,2026-08-06,BANK-E330C2E0,True,True,True
TXN000231,ORD000231,23305.66,INR,Sri Lakshmi Stores,2026-08-11,BANK-D4C881A2,True,True,True
TXN000232,ORD000232,24043.59,INR,ABC Electronics,2026-08-12,BANK-163B1A11,True,True,True
TXN000233,ORD000233,16775.34,INR,Fresh Mart,2026-08-11,BANK-77C21CC1,True,True,True
TXN000234,ORD000234,14628.12,INR,Smart Home,2026-08-06,BANK-39D0CF63,True,True,True
TXN000235,ORD000235,20534.1,INR,Daily Needs,2026-08-19,BANK-EC638189,True,True,True
TXN000236,ORD000236,1323.92,INR,Green Grocery,2026-08-10,BANK-253810C1,True,True,True
TXN000237,ORD000237,432.48,INR,Sri Lakshmi Stores,2026-08-12,BANK-3396EFD6,True,True,True
TXN000238,ORD000238,19394.63,INR,Urban Fashion,2026-08-10,BANK-F16F2DCE,True,True,True
TXN000239,ORD000239,9158.71,INR,Fresh Mart,2026-08-04,BANK-B6C72F1D,True,True,True
TXN000240,ORD000240,5443.16,INR,Smart Home,2026-08-20,BANK-5C8F82A3,True,True,True
TXN000241,ORD000241,21267.93,INR,Green Grocery,2026-08-08,BANK-4EAF41E5,True,True,True
TXN000242,ORD000242,11883.74,INR,Urban Fashion,2026-08-08,BANK-C0B2E196,True,True,True
TXN000243,ORD000243,6908.08,INR,Tech World,2026-08-10,BANK-B3F83374,True,True,True
TXN000244,ORD000244,5215.18,INR,Green Grocery,2026-08-06,BANK-88C10185,True,True,True
TXN000245,ORD000245,11892.12,INR,ABC Electronics,2026-08-12,BANK-111FAEB3,True,True,True
TXN000246,ORD000246,16440.41,INR,Smart Home,2026-08-01,BANK-9159CE60,True,True,True
TXN000247,ORD000247,19422.93,INR,Fresh Mart,2026-08-06,BANK-1548731E,True,True,True
TXN000248,ORD000248,21781.15,INR,ABC Electronics,2026-08-20,BANK-FBB81D91,True,True,True
TXN000249,ORD000249,8021.43,INR,Green Grocery,2026-08-16,BANK-8AC85777,True,True,True
TXN000250,ORD000250,4431.28,INR,Tech World,2026-08-12,BANK-4C0C9601,True,True,True
TXN000251,ORD000251,18170.12,INR,Urban Fashion,2026-08-07,BANK-AB70363B,True,True,True
TXN000252,ORD000252,7407.6,INR,Tech World,2026-08-16,BANK-83A33D36,True,True,True
TXN000253,ORD000253,21631.8,INR,ABC Electronics,2026-08-07,BANK-B14779FA,True,True,True
TXN000254,ORD000254,24175.99,INR,Sri Lakshmi Stores,2026-08-05,BANK-E259D5C0,True,True,True
TXN000255,ORD000255,9375.44,INR,Smart Home,2026-08-08,BANK-0D51361A,True,True,True
TXN000256,ORD000256,1074.23,INR,Daily Needs,2026-08-12,BANK-B60ACD6A,True,True,True
TXN000257,ORD000257,15628.04,INR,Fresh Mart,2026-08-10,BANK-783E8CC4,True,True,True
TXN000258,ORD000258,12914.9,INR,Green Grocery,2026-08-13,BANK-96CEA7EB,True,True,True
TXN000259,ORD000259,17060.99,INR,Daily Needs,2026-08-06,BANK-9DE1E615,True,True,True
TXN000260,ORD000260,19492.99,INR,Sri Lakshmi Stores,2026-08-12,BANK-36757766,True,True,True
TXN000261,ORD000261,4829.98,INR,Urban Fashion,2026-08-21,BANK-08A205F9,True,True,True
TXN000262,ORD000262,1891.29,INR,Sri Lakshmi Stores,2026-08-16,BANK-775C77FF,True,True,True
TXN000263,ORD000263,5676.5,INR,Daily Needs,2026-08-21,BANK-3497CE7F,True,True,True
TXN000264,ORD000264,4751.97,INR,ABC Electronics,2026-08-21,BANK-762E31E9,True,True,True
TXN000265,ORD000265,3039.83,INR,ABC Electronics,2026-08-21,BANK-7E03FC69,True,True,True
TXN000266,ORD000266,3109.26,INR,Tech World,2026-08-01,BANK-B1977759,True,True,True
TXN000267,ORD000267,13622.35,INR,Tech World,2026-08-11,BANK-9D0FD865,True,True,True
TXN000268,ORD000268,13924.58,INR,Sri Lakshmi Stores,2026-08-04,BANK-0E11498D,True,True,True
TXN000269,ORD000269,11025.27,INR,Green Grocery,2026-08-10,BANK-4E531AE5,True,True,True
TXN000270,ORD000270,4355.63,INR,Daily Needs,2026-08-10,BANK-F4D0021A,True,True,True
TXN000271,ORD000271,1434.19,INR,Daily Needs,2026-08-11,BANK-FDDFAD30,True,True,True
TXN000272,ORD000272,18126.75,INR,Green Grocery,2026-08-18,BANK-F40FBE7E,True,True,True
TXN000273,ORD000273,18320.38,INR,Urban Fashion,2026-08-16,BANK-A34269FB,True,True,True
TXN000274,ORD000274,22906.28,INR,Tech World,2026-08-14,BANK-4C0B5FBC,True,True,True
TXN000275,ORD000275,3579.07,INR,Green Grocery,2026-08-20,BANK-D87537A3,True,True,True
TXN000276,ORD000276,824.77,INR,Fresh Mart,2026-08-08,BANK-53080C1B,True,True,True
TXN000277,ORD000277,21787.36,INR,Fresh Mart,2026-08-09,BANK-102A7242,True,True,True
TXN000278,ORD000278,6387.0,INR,Tech World,2026-08-16,BANK-6CAF28DD,True,True,True
TXN000279,ORD000279,6301.38,INR,Green Grocery,2026-08-06,BANK-D5E49956,True,True,True
TXN000280,ORD000280,19523.34,INR,Tech World,2026-08-12,BANK-D6991631,True,True,True
TXN000281,ORD000281,12135.73,INR,Smart Home,2026-08-02,BANK-11833989,True,True,True
TXN000282,ORD000282,3471.63,INR,Fresh Mart,2026-08-19,BANK-9578C966,True,True,True
TXN000283,ORD000283,711.36,INR,Green Grocery,2026-08-13,BANK-05FB8647,True,True,True
TXN000284,ORD000284,7901.69,INR,Sri Lakshmi Stores,2026-08-11,BANK-B7D6740D,True,True,True
TXN000285,ORD000285,20184.66,INR,Smart Home,2026-08-06,BANK-627ABDE4,True,True,True
TXN000286,ORD000286,2807.99,INR,Tech World,2026-08-02,BANK-704D1B99,True,True,True
TXN000287,ORD000287,12180.95,INR,Tech World,2026-08-18,BANK-4DF71332,True,True,True
TXN000288,ORD000288,22154.57,INR,Tech World,2026-08-03,BANK-299D7388,True,True,True
TXN000289,ORD000289,18298.84,INR,Sri Lakshmi Stores,2026-08-01,BANK-ABCF1590,True,True,True
TXN000290,ORD000290,677.78,INR,Smart Home,2026-08-05,BANK-27F107E7,True,True,True
TXN000291,ORD000291,18426.83,INR,ABC Electronics,2026-08-12,BANK-7F09B523,True,True,True
TXN000292,ORD000292,19034.93,INR,Fresh Mart,2026-08-18,BANK-DD87C65A,True,True,True
TXN000293,ORD000293,8743.76,INR,Urban Fashion,2026-08-11,BANK-6E40CFFE,True,True,True
TXN000294,ORD000294,13416.74,INR,Daily Needs,2026-08-07,BANK-77D7871B,True,True,True
TXN000295,ORD000295,915.64,INR,Smart Home,2026-08-11,BANK-9C3914B8,True,True,True
TXN000296,ORD000296,20791.9,INR,Green Grocery,2026-08-11,BANK-82FD66BA,True,True,True
TXN000297,ORD000297,13770.5,INR,Daily Needs,2026-08-11,BANK-B1E44115,True,True,True
TXN000298,ORD000298,3270.39,INR,Green Grocery,2026-08-05,BANK-A6E720CA,True,True,True
TXN000299,ORD000299,23106.66,INR,Urban Fashion,2026-08-14,BANK-AC5D006A,True,True,True
TXN000300,ORD000300,2124.33,INR,Green Grocery,2026-08-17,BANK-FF96A4EA,True,True,True
TXN000301,ORD000301,14661.04,INR,Urban Fashion,2026-08-03,BANK-FFD876CF,True,True,True
TXN000302,ORD000302,8804.03,INR,ABC Electronics,2026-08-10,BANK-41BB5F0D,True,True,True
TXN000303,ORD000303,3091.34,INR,Fresh Mart,2026-08-12,BANK-2128D079,True,True,True
TXN000304,ORD000304,1634.03,INR,ABC Electronics,2026-08-12,BANK-505EB359,True,True,True
TXN000305,ORD000305,11202.32,INR,ABC Electronics,2026-08-05,BANK-C7B02BBB,True,True,True
TXN000306,ORD000306,10475.55,INR,Tech World,2026-08-08,BANK-12AAFAA5,True,True,True
TXN000307,ORD000307,23454.05,INR,Urban Fashion,2026-08-01,BANK-C9748E0A,True,True,True
TXN000308,ORD000308,11350.97,INR,Smart Home,2026-08-07,BANK-460BBD0A,True,True,True
TXN000309,ORD000309,16926.16,INR,Fresh Mart,2026-08-08,BANK-CCD50C8C,True,True,True
TXN000310,ORD000310,16280.13,INR,ABC Electronics,2026-08-15,BANK-9E26AE1A,True,True,True
TXN000311,ORD000311,20891.01,INR,Sri Lakshmi Stores,2026-08-21,BANK-FE41657B,True,True,True
TXN000312,ORD000312,20631.26,INR,Daily Needs,2026-08-03,BANK-8F6042E0,True,True,True
TXN000313,ORD000313,19505.42,INR,Tech World,2026-08-07,BANK-DC7CCFAE,True,True,True
TXN000314,ORD000314,18371.06,INR,Tech World,2026-08-20,BANK-F37A1AE9,True,True,True
TXN000315,ORD000315,21426.05,INR,ABC Electronics,2026-08-17,BANK-660C5172,True,True,True
TXN000316,ORD000316,10260.57,INR,Daily Needs,2026-08-15,BANK-41D892CC,True,True,True
TXN000317,ORD000317,6083.41,INR,Urban Fashion,2026-08-10,BANK-A318B785,True,True,True
TXN000318,ORD000318,18992.86,INR,Green Grocery,2026-08-08,BANK-C77640F8,True,True,True
TXN000319,ORD000319,16481.76,INR,ABC Electronics,2026-08-02,BANK-D3E8C9EF,True,True,True
TXN000320,ORD000320,15411.52,INR,Green Grocery,2026-08-21,BANK-864DD22D,True,True,True
TXN000321,ORD000321,428.59,INR,Daily Needs,2026-08-21,BANK-56D432A1,True,True,True
TXN000322,ORD000322,21664.31,INR,Smart Home,2026-08-19,BANK-D1A254B7,True,True,True
TXN000323,ORD000323,659.51,INR,Green Grocery,2026-08-03,BANK-70ACF5BC,True,True,True
TXN000324,ORD000324,20712.51,INR,Green Grocery,2026-08-17,BANK-9CC930FA,True,True,True
TXN000325,ORD000325,395.51,INR,Daily Needs,2026-08-13,BANK-2E775D3F,True,True,True
TXN000326,ORD000326,7037.6,INR,Urban Fashion,2026-08-11,BANK-952AA465,True,True,True
TXN000327,ORD000327,10083.36,INR,Urban Fashion,2026-08-08,BANK-35933D40,True,True,True
TXN000328,ORD000328,9136.29,INR,Tech World,2026-08-03,BANK-0C3CD3F5,True,True,True
TXN000329,ORD000329,9412.95,INR,Smart Home,2026-08-17,BANK-BDE5842D,True,True,True
TXN000330,ORD000330,23793.29,INR,Urban Fashion,2026-08-05,BANK-D9B2AAB9,True,True,True
TXN000331,ORD000331,17818.8,INR,Smart Home,2026-08-17,BANK-84132E7B,True,True,True
TXN000332,ORD000332,3918.97,INR,Urban Fashion,2026-08-15,BANK-A4A4E551,True,True,True
TXN000333,ORD000333,15492.88,INR,Daily Needs,2026-08-12,BANK-832D9856,True,True,True
TXN000334,ORD000334,24482.91,INR,Sri Lakshmi Stores,2026-08-17,BANK-BCB9C380,True,True,True
TXN000335,ORD000335,691.95,INR,Green Grocery,2026-08-01,BANK-5308C960,True,True,True
TXN000336,ORD000336,14105.69,INR,Sri Lakshmi Stores,2026-08-20,BANK-83D82F8E,True,True,True
TXN000337,ORD000337,18803.92,INR,Tech World,2026-08-05,BANK-645F6CF6,True,True,True
TXN000338,ORD000338,11078.63,INR,Smart Home,2026-08-07,BANK-D9BB0147,True,True,True
TXN000339,ORD000339,13117.66,INR,Fresh Mart,2026-08-16,BANK-D160B2C9,True,True,True
TXN000340,ORD000340,9408.64,INR,Tech World,2026-08-15,BANK-55D1A315,True,True,True
TXN000341,ORD000341,7978.1,INR,Tech World,2026-08-06,BANK-3A2898CB,True,True,True
TXN000342,ORD000342,5436.43,INR,Green Grocery,2026-08-21,BANK-2D176926,True,True,True
TXN000343,ORD000343,13916.44,INR,Urban Fashion,2026-08-05,BANK-DDDB9FBD,True,True,True
TXN000344,ORD000344,19409.97,INR,Sri Lakshmi Stores,2026-08-02,BANK-5206AEE8,True,True,True
TXN000345,ORD000345,11476.79,INR,Smart Home,2026-08-11,BANK-E4F33B7E,True,True,True
TXN000346,ORD000346,9136.43,INR,Smart Home,2026-08-10,BANK-0E2EC692,True,True,True
TXN000347,ORD000347,16107.48,INR,Daily Needs,2026-08-17,BANK-8DD3BD6E,True,True,True
TXN000348,ORD000348,7932.02,INR,ABC Electronics,2026-08-01,BANK-E793AB4A,True,True,True
TXN000349,ORD000349,18902.39,INR,Green Grocery,2026-08-09,BANK-4AFFF226,True,True,True
TXN000350,ORD000350,23688.11,INR,Daily Needs,2026-08-21,BANK-1A98F147,True,True,True
TXN000351,ORD000351,21195.48,INR,Smart Home,2026-08-12,BANK-E153AE35,True,True,True
TXN000352,ORD000352,4724.91,INR,Green Grocery,2026-08-19,BANK-51416C6E,True,True,True
TXN000353,ORD000353,23291.43,INR,Urban Fashion,2026-08-16,BANK-26EC38FE,True,True,True
TXN000354,ORD000354,23860.52,INR,Sri Lakshmi Stores,2026-08-12,BANK-51397D13,True,True,True
TXN000355,ORD000355,3075.42,INR,Daily Needs,2026-08-11,BANK-6889C0C5,True,True,True
TXN000356,ORD000356,10683.81,INR,Green Grocery,2026-08-18,BANK-4136FCB5,True,True,True
TXN000357,ORD000357,9997.02,INR,ABC Electronics,2026-08-21,BANK-D9C1F478,True,True,True
TXN000358,ORD000358,6161.71,INR,Daily Needs,2026-08-21,BANK-B1C82732,True,True,True
TXN000359,ORD000359,18575.31,INR,Green Grocery,2026-08-05,BANK-A6CD9637,True,True,True
TXN000360,ORD000360,12030.41,INR,Tech World,2026-08-02,BANK-3BDF4575,True,True,True
TXN000361,ORD000361,1351.02,INR,Urban Fashion,2026-08-19,BANK-9839070C,True,True,True
TXN000362,ORD000362,15163.51,INR,Tech World,2026-08-11,BANK-671AB159,True,True,True
TXN000363,ORD000363,7167.83,INR,Tech World,2026-08-06,BANK-8EE5FDC0,True,True,True
TXN000364,ORD000364,12750.76,INR,Smart Home,2026-08-20,BANK-29BC98A5,True,True,True
TXN000365,ORD000365,24915.22,INR,Daily Needs,2026-08-09,BANK-E544618F,True,True,True
TXN000366,ORD000366,7196.0,INR,Tech World,2026-08-11,BANK-AF4E5BDC,True,True,True
TXN000367,ORD000367,4393.36,INR,Smart Home,2026-08-03,BANK-A1C7C84D,True,True,True
TXN000368,ORD000368,22441.51,INR,Sri Lakshmi Stores,2026-08-19,BANK-B77B9A35,True,True,True
TXN000369,ORD000369,13850.1,INR,Daily Needs,2026-08-19,BANK-CCCCC754,True,True,True
TXN000370,ORD000370,5765.91,INR,Smart Home,2026-08-07,BANK-8F481B0A,True,True,True
TXN000371,ORD000371,13805.03,INR,Tech World,2026-08-03,BANK-08AEE313,True,True,True
TXN000372,ORD000372,18524.89,INR,Sri Lakshmi Stores,2026-08-11,BANK-9AD6D0B4,True,True,True
TXN000373,ORD000373,5231.07,INR,Smart Home,2026-08-07,BANK-15375834,True,True,True
TXN000374,ORD000374,245.3,INR,ABC Electronics,2026-08-04,BANK-08CD9CE0,True,True,True
TXN000375,ORD000375,6975.47,INR,Tech World,2026-08-10,BANK-7ABA2E1C,True,True,True
TXN000376,ORD000376,20451.71,INR,Sri Lakshmi Stores,2026-08-15,BANK-2B401E48,True,True,True
TXN000377,ORD000377,11611.34,INR,Fresh Mart,2026-08-12,BANK-5B2A043A,True,True,True
TXN000378,ORD000378,6508.79,INR,ABC Electronics,2026-08-14,BANK-B6191D8E,True,True,True
TXN000379,ORD000379,13681.4,INR,Green Grocery,2026-08-15,BANK-88FA8397,True,True,True
TXN000380,ORD000380,16276.19,INR,Tech World,2026-08-17,BANK-12EDE9F0,True,True,True
TXN000381,ORD000381,6285.21,INR,Fresh Mart,2026-08-07,BANK-1ADDC0FC,True,True,True
TXN000382,ORD000382,6220.13,INR,Smart Home,2026-08-18,BANK-C56A560C,True,True,True
TXN000383,ORD000383,2558.18,INR,Smart Home,2026-08-05,BANK-62AEF749,True,True,True
TXN000384,ORD000384,24953.51,INR,Urban Fashion,2026-08-18,BANK-C9AF0A8A,True,True,True
TXN000385,ORD000385,9339.34,INR,Green Grocery,2026-08-02,BANK-D2055A7D,True,True,True
TXN000386,ORD000386,11566.22,INR,Tech World,2026-08-17,BANK-BD10F639,True,True,True
TXN000387,ORD000387,18942.3,INR,Urban Fashion,2026-08-05,BANK-CE37492C,True,True,True
TXN000388,ORD000388,15736.52,INR,Daily Needs,2026-08-10,BANK-81E18986,True,True,True
TXN000389,ORD000389,19968.07,INR,Smart Home,2026-08-13,BANK-15271F25,True,True,True
TXN000390,ORD000390,16632.06,INR,Sri Lakshmi Stores,2026-08-08,BANK-02C7CC91,True,True,True
TXN000391,ORD000391,5073.38,INR,Sri Lakshmi Stores,2026-08-04,BANK-7A291096,True,True,True
TXN000392,ORD000392,21114.25,INR,Green Grocery,2026-08-02,BANK-24C6B095,True,True,True
TXN000393,ORD000393,17267.81,INR,Sri Lakshmi Stores,2026-08-21,BANK-C4A961D6,True,True,True
TXN000394,ORD000394,7786.92,INR,ABC Electronics,2026-08-18,BANK-1C5A98F7,True,True,True
TXN000395,ORD000395,10626.8,INR,Green Grocery,2026-08-04,BANK-E0BD60FD,True,True,True
TXN000396,ORD000396,18731.12,INR,Smart Home,2026-08-15,BANK-5B4E2A3A,True,True,True
TXN000397,ORD000397,3458.75,INR,Fresh Mart,2026-08-16,BANK-00CB7042,True,True,True
TXN000398,ORD000398,7920.01,INR,Sri Lakshmi Stores,2026-08-18,BANK-DE14F402,True,True,True
TXN000399,ORD000399,15254.66,INR,Smart Home,2026-08-17,BANK-8429059E,True,True,True
TXN000400,ORD000400,11774.24,INR,Sri Lakshmi Stores,2026-08-13,BANK-EB6E01CC,True,True,True
TXN000401,ORD000401,19966.37,INR,Urban Fashion,2026-08-12,BANK-91215145,True,True,True
TXN000402,ORD000402,16921.92,INR,Daily Needs,2026-08-20,BANK-E70EAAF0,True,True,True
TXN000403,ORD000403,17058.06,INR,Smart Home,2026-08-17,BANK-5818FC28,True,True,True
TXN000404,ORD000404,3118.19,INR,Urban Fashion,2026-08-07,BANK-FCEFF693,True,True,True
TXN000405,ORD000405,9525.95,INR,ABC Electronics,2026-08-14,BANK-A529AD61,True,True,True
TXN000406,ORD000406,1041.99,INR,Green Grocery,2026-08-06,BANK-84CC39B0,True,True,True
TXN000407,ORD000407,11140.12,INR,Sri Lakshmi Stores,2026-08-21,BANK-6D10882E,True,True,True
TXN000408,ORD000408,10128.85,INR,Fresh Mart,2026-08-15,BANK-7A186588,True,True,True
TXN000409,ORD000409,10651.56,INR,Urban Fashion,2026-08-05,BANK-76EF8F2F,True,True,True
TXN000410,ORD000410,20867.6,INR,Green Grocery,2026-08-03,BANK-654DFAB1,True,True,True
TXN000411,ORD000411,17422.08,INR,Green Grocery,2026-08-17,BANK-A3D840F4,True,True,True
TXN000412,ORD000412,6255.98,INR,Sri Lakshmi Stores,2026-08-06,BANK-62F31E75,True,True,True
TXN000413,ORD000413,20276.81,INR,ABC Electronics,2026-08-04,BANK-74D15F2F,True,True,True
TXN000414,ORD000414,15191.6,INR,Tech World,2026-08-01,BANK-37BE617F,True,True,True
TXN000415,ORD000415,4037.55,INR,Green Grocery,2026-08-02,BANK-DA738150,True,True,True
TXN000416,ORD000416,24104.13,INR,Green Grocery,2026-08-21,BANK-92ECFAC1,True,True,True
TXN000417,ORD000417,17364.99,INR,Smart Home,2026-08-18,BANK-52C83A8F,True,True,True
TXN000418,ORD000418,708.14,INR,Urban Fashion,2026-08-12,BANK-BB2291D1,True,True,True
TXN000419,ORD000419,14093.32,INR,Tech World,2026-08-12,BANK-520497B2,True,True,True
TXN000420,ORD000420,10016.92,INR,Green Grocery,2026-08-18,BANK-CBE96D13,True,True,True
TXN000421,ORD000421,10112.16,INR,Green Grocery,2026-08-20,BANK-B142FF12,True,True,True
TXN000422,ORD000422,16042.41,INR,Smart Home,2026-08-06,BANK-503F5CDB,True,True,True
TXN000423,ORD000423,11829.68,INR,Tech World,2026-08-13,BANK-96C8208A,True,True,True
TXN000424,ORD000424,5906.58,INR,Smart Home,2026-08-09,BANK-FFA01FF7,True,True,True
TXN000425,ORD000425,17299.33,INR,Fresh Mart,2026-08-02,BANK-9EC0B0D9,True,True,True
TXN000426,ORD000426,8342.69,INR,Green Grocery,2026-08-01,BANK-1F4C8784,True,True,True
TXN000427,ORD000427,16093.41,INR,Smart Home,2026-08-11,BANK-67CE36B6,True,True,True
TXN000428,ORD000428,1027.07,INR,Tech World,2026-08-16,BANK-A7F1DA39,True,True,True
TXN000429,ORD000429,2221.72,INR,Sri Lakshmi Stores,2026-08-19,BANK-96941728,True,True,True
TXN000430,ORD000430,23413.84,INR,Smart Home,2026-08-05,BANK-2FECCE0F,True,True,True
TXN000431,ORD000431,18865.31,INR,Green Grocery,2026-08-04,BANK-52250B5F,True,True,True
TXN000432,ORD000432,21201.81,INR,Smart Home,2026-08-13,BANK-12CB5853,True,True,True
TXN000433,ORD000433,15286.4,INR,Sri Lakshmi Stores,2026-08-16,BANK-9F3D528A,True,True,True
TXN000434,ORD000434,16608.1,INR,Smart Home,2026-08-04,BANK-05BAEA88,True,True,True
TXN000435,ORD000435,19309.29,INR,Fresh Mart,2026-08-11,BANK-EE692FC8,True,True,True
TXN000436,ORD000436,6224.06,INR,Daily Needs,2026-08-02,BANK-CFF8D5C9,True,True,True
TXN000437,ORD000437,6898.63,INR,Green Grocery,2026-08-01,BANK-B582684B,True,True,True
TXN000438,ORD000438,552.42,INR,Fresh Mart,2026-08-07,BANK-47B061FD,True,True,True
TXN000439,ORD000439,12765.34,INR,Smart Home,2026-08-02,BANK-04BDDED4,True,True,True
TXN000440,ORD000440,23771.92,INR,Smart Home,2026-08-11,BANK-CDFECE46,True,True,True
TXN000441,ORD000441,20018.02,INR,Sri Lakshmi Stores,2026-08-18,BANK-EF0B86F4,True,True,True
TXN000442,ORD000442,14432.22,INR,ABC Electronics,2026-08-07,BANK-F5944668,True,True,True
TXN000443,ORD000443,23868.85,INR,ABC Electronics,2026-08-01,BANK-EC8F1597,True,True,True
TXN000444,ORD000444,19230.99,INR,Sri Lakshmi Stores,2026-08-11,BANK-5303EA1F,True,True,True
TXN000445,ORD000445,6784.61,INR,Sri Lakshmi Stores,2026-08-06,BANK-6B9007B8,True,True,True
TXN000446,ORD000446,4860.58,INR,Tech World,2026-08-07,BANK-D78806C6,True,True,True
TXN000447,ORD000447,8639.72,INR,Green Grocery,2026-08-02,BANK-677E5BA0,True,True,True
TXN000448,ORD000448,22084.86,INR,ABC Electronics,2026-08-05,BANK-6B152803,True,True,True
TXN000449,ORD000449,23923.51,INR,Smart Home,2026-08-06,BANK-2DA13D04,True,True,True
TXN000450,ORD000450,16343.4,INR,Green Grocery,2026-08-07,BANK-E9AC870A,True,True,True
TXN000451,ORD000451,7336.16,INR,ABC Electronics,2026-08-03,BANK-641D1851,True,True,True
TXN000452,ORD000452,12173.53,INR,Tech World,2026-08-13,BANK-F2ED654F,True,True,True
TXN000453,ORD000453,2275.62,INR,Green Grocery,2026-08-12,BANK-CCABA3FA,True,True,True
TXN000454,ORD000454,6469.49,INR,Tech World,2026-08-10,BANK-D1D5010B,True,True,True
TXN000455,ORD000455,12640.42,INR,Green Grocery,2026-08-13,BANK-A4D0A2DD,True,True,True
TXN000456,ORD000456,19913.51,INR,Fresh Mart,2026-08-09,BANK-1457CA00,True,True,True
TXN000457,ORD000457,16408.63,INR,Green Grocery,2026-08-02,BANK-99842671,True,True,True
TXN000458,ORD000458,15036.62,INR,Smart Home,2026-08-19,BANK-BFC642E7,True,True,True
TXN000459,ORD000459,4056.16,INR,Smart Home,2026-08-02,BANK-B5BDC0F5,True,True,True
TXN000460,ORD000460,24236.55,INR,Sri Lakshmi Stores,2026-08-21,BANK-AD0C3437,True,True,True
TXN000461,ORD000461,3543.4,INR,Sri Lakshmi Stores,2026-08-05,BANK-8F105445,True,True,True
TXN000462,ORD000462,24095.6,INR,Urban Fashion,2026-08-19,BANK-CCFF86AA,True,True,True
TXN000463,ORD000463,6170.29,INR,Tech World,2026-08-21,BANK-BE63B967,True,True,True
TXN000464,ORD000464,21817.78,INR,Sri Lakshmi Stores,2026-08-11,BANK-4654289B,True,True,True
TXN000465,ORD000465,17858.54,INR,Fresh Mart,2026-08-04,BANK-3522C339,True,True,True
TXN000466,ORD000466,6586.29,INR,Green Grocery,2026-08-13,BANK-9CBE9F10,True,True,True
TXN000467,ORD000467,18939.24,INR,Sri Lakshmi Stores,2026-08-09,BANK-10AAFC30,True,True,True
TXN000468,ORD000468,7241.58,INR,Fresh Mart,2026-08-08,BANK-3E91F792,True,True,True
TXN000469,ORD000469,12563.16,INR,Daily Needs,2026-08-07,BANK-3A820DF8,True,True,True
TXN000470,ORD000470,18108.06,INR,Smart Home,2026-08-20,BANK-87FCF897,True,True,True
TXN000471,ORD000471,2373.55,INR,Fresh Mart,2026-08-03,BANK-12C15C5E,True,True,True
TXN000472,ORD000472,1595.55,INR,Sri Lakshmi Stores,2026-08-03,BANK-17359E81,True,True,True
TXN000473,ORD000473,13136.47,INR,ABC Electronics,2026-08-04,BANK-DCB26C3D,True,True,True
TXN000474,ORD000474,5873.65,INR,Urban Fashion,2026-08-18,BANK-66AB20CB,True,True,True
TXN000475,ORD000475,15628.25,INR,Sri Lakshmi Stores,2026-08-04,BANK-5A396288,True,True,True
TXN000476,ORD000476,13697.75,INR,Smart Home,2026-08-03,BANK-C7682506,True,True,True
TXN000477,ORD000477,21149.67,INR,Tech World,2026-08-06,BANK-6010377A,True,True,True
TXN000478,ORD000478,10922.18,INR,Fresh Mart,2026-08-17,BANK-7CD28C54,True,True,True
TXN000479,ORD000479,12899.4,INR,Daily Needs,2026-08-19,BANK-4F700958,True,True,True
TXN000480,ORD000480,6111.83,INR,Green Grocery,2026-08-10,BANK-41339578,True,True,True
TXN000481,ORD000481,17665.07,INR,Green Grocery,2026-08-01,BANK-4150667C,True,True,True
TXN000482,ORD000482,13654.78,INR,Daily Needs,2026-08-01,BANK-FB352171,True,True,True
TXN000483,ORD000483,14082.12,INR,Green Grocery,2026-08-17,BANK-3E8E8D76,True,True,True
TXN000484,ORD000484,13874.35,INR,Smart Home,2026-08-02,BANK-3618A94D,True,True,True
TXN000485,ORD000485,11844.82,INR,Fresh Mart,2026-08-04,BANK-96FD28A0,True,True,True
TXN000486,ORD000486,1828.44,INR,Fresh Mart,2026-08-19,BANK-AA94AB9D,True,True,True
TXN000487,ORD000487,7569.1,INR,Smart Home,2026-08-10,BANK-9E09927C,True,True,True
TXN000488,ORD000488,18593.29,INR,Urban Fashion,2026-08-15,BANK-64A716CE,True,True,True
TXN000489,ORD000489,15386.4,INR,Daily Needs,2026-08-02,BANK-FE4E932A,True,True,True
TXN000490,ORD000490,6309.58,INR,Tech World,2026-08-19,BANK-157A2176,True,True,True
TXN000491,ORD000491,20533.44,INR,ABC Electronics,2026-08-04,BANK-C3508F27,True,True,True
TXN000492,ORD000492,6505.51,INR,Green Grocery,2026-08-12,BANK-73C3BAC2,True,True,True
TXN000493,ORD000493,3246.36,INR,Green Grocery,2026-08-06,BANK-3344ED03,True,True,True
TXN000494,ORD000494,24063.42,INR,Green Grocery,2026-08-15,BANK-1C022685,True,True,True
TXN000495,ORD000495,14705.91,INR,Sri Lakshmi Stores,2026-08-08,BANK-B98D11B6,True,True,True
TXN000496,ORD000496,20447.4,INR,Tech World,2026-08-17,BANK-4437C886,True,True,True
TXN000497,ORD000497,21631.15,INR,Fresh Mart,2026-08-14,BANK-316DD65A,True,True,True
TXN000498,ORD000498,8154.09,INR,Fresh Mart,2026-08-08,BANK-F6070686,True,True,True
TXN000499,ORD000499,20312.95,INR,Sri Lakshmi Stores,2026-08-10,BANK-80750E38,True,True,True
TXN000500,ORD000500,22333.28,INR,Fresh Mart,2026-08-16,BANK-01A0BBC2,True,True,True
TXN000501,ORD000501,18173.66,INR,ABC Electronics,2026-08-08,BANK-A42734FF,True,True,True
TXN000502,ORD000502,1452.7,INR,Tech World,2026-08-18,BANK-14F8399D,True,True,True
TXN000503,ORD000503,5973.28,INR,Urban Fashion,2026-08-19,BANK-C37D1355,True,True,True
TXN000504,ORD000504,6575.07,INR,ABC Electronics,2026-08-14,BANK-EAA94312,True,True,True
TXN000505,ORD000505,4601.08,INR,Sri Lakshmi Stores,2026-08-01,BANK-3479AB8B,True,True,True
TXN000506,ORD000506,628.98,INR,Urban Fashion,2026-08-02,BANK-983D4809,True,True,True
TXN000507,ORD000507,23784.81,INR,Smart Home,2026-08-05,BANK-45A0FC93,True,True,True
TXN000508,ORD000508,21705.67,INR,Urban Fashion,2026-08-05,BANK-403D8A3D,True,True,True
TXN000509,ORD000509,14116.02,INR,Tech World,2026-08-05,BANK-B6EA676F,True,True,True
TXN000510,ORD000510,12001.57,INR,Green Grocery,2026-08-05,BANK-74F87085,True,True,True
TXN000511,ORD000511,17828.81,INR,Smart Home,2026-08-19,BANK-1317E4C2,True,True,True
TXN000512,ORD000512,6185.97,INR,Tech World,2026-08-13,BANK-20D9FABC,True,True,True
TXN000513,ORD000513,15332.36,INR,ABC Electronics,2026-08-17,BANK-D2FD32F6,True,True,True
TXN000514,ORD000514,22565.23,INR,Smart Home,2026-08-20,BANK-54DA8243,True,True,True
TXN000515,ORD000515,7714.15,INR,Sri Lakshmi Stores,2026-08-07,BANK-DAED09C7,True,True,True
TXN000516,ORD000516,21846.73,INR,Fresh Mart,2026-08-14,BANK-E3EB1AC1,True,True,True
TXN000517,ORD000517,13748.25,INR,Fresh Mart,2026-08-18,BANK-586BBA55,True,True,True
TXN000518,ORD000518,9972.68,INR,Daily Needs,2026-08-12,BANK-3DCA2F2C,True,True,True
TXN000519,ORD000519,21933.92,INR,Green Grocery,2026-08-13,BANK-D84CD4E3,True,True,True
TXN000520,ORD000520,14435.98,INR,Urban Fashion,2026-08-19,BANK-867766FC,True,True,True
TXN000521,ORD000521,4976.75,INR,Green Grocery,2026-08-10,BANK-3C49D512,True,True,True
TXN000522,ORD000522,21808.0,INR,Green Grocery,2026-08-06,BANK-E1ED8D46,True,True,True
TXN000523,ORD000523,22406.52,INR,Fresh Mart,2026-08-18,BANK-20B5B8C3,True,True,True
TXN000524,ORD000524,10703.52,INR,Urban Fashion,2026-08-01,BANK-EE13A3CD,True,True,True
TXN000525,ORD000525,21583.11,INR,Fresh Mart,2026-08-08,BANK-4062466D,True,True,True
TXN000526,ORD000526,16140.79,INR,Sri Lakshmi Stores,2026-08-20,BANK-A53A7404,True,True,True
TXN000527,ORD000527,13380.58,INR,Green Grocery,2026-08-04,BANK-B1DB32DE,True,True,True
TXN000528,ORD000528,21349.32,INR,Daily Needs,2026-08-07,BANK-6A2F9C73,True,True,True
TXN000529,ORD000529,21204.25,INR,Sri Lakshmi Stores,2026-08-08,BANK-856FE1BE,True,True,True
TXN000530,ORD000530,21696.07,INR,Green Grocery,2026-08-05,BANK-287F8388,True,True,True
TXN000531,ORD000531,5960.69,INR,Smart Home,2026-08-20,BANK-BD949C15,True,True,True
TXN000532,ORD000532,20243.43,INR,Sri Lakshmi Stores,2026-08-02,BANK-78C57829,True,True,True
TXN000533,ORD000533,15934.0,INR,Urban Fashion,2026-08-07,BANK-C253DC27,True,True,True
TXN000534,ORD000534,12657.3,INR,Urban Fashion,2026-08-12,BANK-14EDFCA9,True,True,True
TXN000535,ORD000535,3273.11,INR,Daily Needs,2026-08-14,BANK-818A9E54,True,True,True
TXN000536,ORD000536,21058.93,INR,Daily Needs,2026-08-04,BANK-4AAD2C88,True,True,True
TXN000537,ORD000537,22923.6,INR,Fresh Mart,2026-08-18,BANK-CDA0C5B5,True,True,True
TXN000538,ORD000538,20356.75,INR,ABC Electronics,2026-08-02,BANK-3FDA2729,True,True,True
TXN000539,ORD000539,8636.25,INR,ABC Electronics,2026-08-08,BANK-09D2753D,True,True,True
TXN000540,ORD000540,8707.59,INR,Green Grocery,2026-08-02,BANK-8FD2A43D,True,True,True
TXN000541,ORD000541,2265.12,INR,ABC Electronics,2026-08-06,BANK-952138E0,True,True,True
TXN000542,ORD000542,18766.51,INR,ABC Electronics,2026-08-11,BANK-62C7C50C,True,True,True
TXN000543,ORD000543,20202.73,INR,Daily Needs,2026-08-15,BANK-306AEEAB,True,True,True
TXN000544,ORD000544,661.96,INR,ABC Electronics,2026-08-15,BANK-35FE1902,True,True,True
TXN000545,ORD000545,4109.67,INR,Smart Home,2026-08-01,BANK-135FC889,True,True,True
TXN000546,ORD000546,1982.43,INR,Fresh Mart,2026-08-03,BANK-04C805F0,True,True,True
TXN000547,ORD000547,19615.17,INR,Green Grocery,2026-08-17,BANK-9FCB1076,True,True,True
TXN000548,ORD000548,23434.97,INR,Sri Lakshmi Stores,2026-08-04,BANK-223C71C7,True,True,True
TXN000549,ORD000549,12770.6,INR,Tech World,2026-08-08,BANK-8C570B8E,True,True,True
TXN000550,ORD000550,5405.89,INR,Urban Fashion,2026-08-01,BANK-726028B9,True,True,True
TXN000551,ORD000551,14538.29,INR,Fresh Mart,2026-08-12,BANK-A5BEC4F0,True,True,True
TXN000552,ORD000552,13218.19,INR,Sri Lakshmi Stores,2026-08-07,BANK-DCE55DC8,True,True,True
TXN000553,ORD000553,16783.02,INR,Urban Fashion,2026-08-01,BANK-F70BB5AC,True,True,True
TXN000554,ORD000554,21046.96,INR,Green Grocery,2026-08-19,BANK-C3B127A6,True,True,True
TXN000555,ORD000555,4978.98,INR,Sri Lakshmi Stores,2026-08-05,BANK-B81F1310,True,True,True
TXN000556,ORD000556,7128.58,INR,Fresh Mart,2026-08-08,BANK-C779F926,True,True,True
TXN000557,ORD000557,11140.92,INR,Urban Fashion,2026-08-18,BANK-49F9C0E2,True,True,True
TXN000558,ORD000558,8470.83,INR,Smart Home,2026-08-05,BANK-45DE69C8,True,True,True
TXN000559,ORD000559,14450.45,INR,Green Grocery,2026-08-13,BANK-0C5389AF,True,True,True
TXN000560,ORD000560,10783.03,INR,Daily Needs,2026-08-13,BANK-427AD76A,True,True,True
TXN000561,ORD000561,5633.26,INR,ABC Electronics,2026-08-20,BANK-438051F7,True,True,True
TXN000562,ORD000562,17329.09,INR,Smart Home,2026-08-12,BANK-BE0D5887,True,True,True
TXN000563,ORD000563,18418.95,INR,ABC Electronics,2026-08-15,BANK-CD22F3C8,True,True,True
TXN000564,ORD000564,23710.13,INR,ABC Electronics,2026-08-03,BANK-F774E8E5,True,True,True
TXN000565,ORD000565,22225.44,INR,Fresh Mart,2026-08-07,BANK-8ADA60DA,True,True,True
TXN000566,ORD000566,3882.4,INR,Green Grocery,2026-08-17,BANK-7A519652,True,True,True
TXN000567,ORD000567,17953.95,INR,Fresh Mart,2026-08-16,BANK-F9B426D4,True,True,True
TXN000568,ORD000568,21409.37,INR,Smart Home,2026-08-11,BANK-8CB56C64,True,True,True
TXN000569,ORD000569,11361.33,INR,Fresh Mart,2026-08-12,BANK-772C673C,True,True,True
TXN000570,ORD000570,14300.68,INR,ABC Electronics,2026-08-01,BANK-79CFFBAD,True,True,True
TXN000571,ORD000571,2467.59,INR,Tech World,2026-08-20,BANK-88522D11,True,True,True
TXN000572,ORD000572,4603.05,INR,Smart Home,2026-08-06,BANK-BAAC5DC7,True,True,True
TXN000573,ORD000573,2045.46,INR,Fresh Mart,2026-08-13,BANK-6BE5CBEC,True,True,True
TXN000574,ORD000574,20493.66,INR,Fresh Mart,2026-08-20,BANK-F20D9AFB,True,True,True
TXN000575,ORD000575,15723.25,INR,Fresh Mart,2026-08-10,BANK-63FE2A8E,True,True,True
TXN000576,ORD000576,14564.0,INR,Daily Needs,2026-08-15,BANK-B88F4291,True,True,True
TXN000577,ORD000577,9234.0,INR,Sri Lakshmi Stores,2026-08-06,BANK-B3E2DEDB,True,True,True
TXN000578,ORD000578,5554.78,INR,Daily Needs,2026-08-07,BANK-5547F977,True,True,True
TXN000579,ORD000579,13466.2,INR,Tech World,2026-08-15,BANK-E2C64B8D,True,True,True
TXN000580,ORD000580,24477.14,INR,Daily Needs,2026-08-15,BANK-7761938B,True,True,True
TXN000581,ORD000581,9999.56,INR,Sri Lakshmi Stores,2026-08-04,BANK-24FEDA3F,True,True,True
TXN000582,ORD000582,2479.33,INR,Urban Fashion,2026-08-14,BANK-0A8C8886,True,True,True
TXN000583,ORD000583,11363.53,INR,Green Grocery,2026-08-21,BANK-A02924B2,True,True,True
TXN000584,ORD000584,5177.29,INR,Sri Lakshmi Stores,2026-08-16,BANK-C7C25F27,True,True,True
TXN000585,ORD000585,15161.07,INR,Daily Needs,2026-08-13,BANK-B21A2D28,True,True,True
TXN000586,ORD000586,13647.05,INR,Sri Lakshmi Stores,2026-08-10,BANK-95ED1012,True,True,True
TXN000587,ORD000587,22939.52,INR,Sri Lakshmi Stores,2026-08-01,BANK-6F741FB6,True,True,True
TXN000588,ORD000588,10408.23,INR,Daily Needs,2026-08-10,BANK-1B519299,True,True,True
TXN000589,ORD000589,11450.27,INR,Green Grocery,2026-08-15,BANK-B1799F6A,True,True,True
TXN000590,ORD000590,21697.71,INR,Tech World,2026-08-16,BANK-C9A82BD3,True,True,True
TXN000591,ORD000591,18361.99,INR,Fresh Mart,2026-08-11,BANK-9FCF2064,True,True,True
TXN000592,ORD000592,1701.22,INR,Smart Home,2026-08-03,BANK-7145ACF2,True,True,True
TXN000593,ORD000593,10112.1,INR,Green Grocery,2026-08-04,BANK-89043818,True,True,True
TXN000594,ORD000594,8720.84,INR,ABC Electronics,2026-08-19,BANK-F827886B,True,True,True
TXN000595,ORD000595,15158.03,INR,Smart Home,2026-08-06,BANK-8EA9EB6E,True,True,True
TXN000596,ORD000596,4774.79,INR,Fresh Mart,2026-08-17,BANK-3401DEA5,True,True,True
TXN000597,ORD000597,4358.24,INR,Tech World,2026-08-04,BANK-0F92A78B,True,True,True
TXN000598,ORD000598,15580.27,INR,Daily Needs,2026-08-01,BANK-9F8B77EC,True,True,True
TXN000599,ORD000599,23356.12,INR,Smart Home,2026-08-12,BANK-9FAAAC63,True,True,True
TXN000600,ORD000600,11861.59,INR,Tech World,2026-08-21,BANK-CFF28273,True,True,True
TXN000601,ORD000601,7809.22,INR,Tech World,2026-08-07,BANK-405133AF,True,True,True
TXN000602,ORD000602,10855.53,INR,Tech World,2026-08-09,BANK-26A528D4,True,True,True
TXN000603,ORD000603,10141.2,INR,Smart Home,2026-08-02,BANK-5EACDE4E,True,True,True
TXN000604,ORD000604,6926.74,INR,Green Grocery,2026-08-01,BANK-2892EDB2,True,True,True
TXN000605,ORD000605,9736.34,INR,Smart Home,2026-08-13,BANK-49B44D05,True,True,True
TXN000606,ORD000606,2572.14,INR,Urban Fashion,2026-08-07,BANK-FA4E9198,True,True,True
TXN000607,ORD000607,12676.69,INR,Daily Needs,2026-08-17,BANK-75DAEE65,True,True,True
TXN000608,ORD000608,23746.65,INR,ABC Electronics,2026-08-05,BANK-EDD465C2,True,True,True
TXN000609,ORD000609,15235.23,INR,Fresh Mart,2026-08-08,BANK-E86BD04F,True,True,True
TXN000610,ORD000610,9181.25,INR,Smart Home,2026-08-03,BANK-B37BA01B,True,True,True
TXN000611,ORD000611,3393.53,INR,ABC Electronics,2026-08-18,BANK-06A6FCC9,True,True,True
TXN000612,ORD000612,12320.7,INR,Urban Fashion,2026-08-19,BANK-FBE2DAAD,True,True,True
TXN000613,ORD000613,3774.97,INR,ABC Electronics,2026-08-17,BANK-B6028B46,True,True,True
TXN000614,ORD000614,18916.14,INR,ABC Electronics,2026-08-03,BANK-76A95B3A,True,True,True
TXN000615,ORD000615,15830.07,INR,Tech World,2026-08-06,BANK-CF901716,True,True,True
TXN000616,ORD000616,14607.63,INR,ABC Electronics,2026-08-15,BANK-D226D5F7,True,True,True
TXN000617,ORD000617,21643.36,INR,Sri Lakshmi Stores,2026-08-02,BANK-A4D04240,True,True,True
TXN000618,ORD000618,11635.65,INR,Green Grocery,2026-08-16,BANK-EE81E5C0,True,True,True
TXN000619,ORD000619,10145.42,INR,Green Grocery,2026-08-12,BANK-F4E0E2B1,True,True,True
TXN000620,ORD000620,21843.32,INR,Sri Lakshmi Stores,2026-08-10,BANK-1E397E3C,True,True,True
TXN000621,ORD000621,12418.88,INR,Sri Lakshmi Stores,2026-08-06,BANK-8C8AD0C5,True,True,True
TXN000622,ORD000622,24978.34,INR,Sri Lakshmi Stores,2026-08-06,BANK-9FC28A07,True,True,True
TXN000623,ORD000623,11128.93,INR,Green Grocery,2026-08-21,BANK-8AFE591E,True,True,True
TXN000624,ORD000624,5800.79,INR,Green Grocery,2026-08-11,BANK-6741DB51,True,True,True
TXN000625,ORD000625,9913.02,INR,Sri Lakshmi Stores,2026-08-08,BANK-F5D57261,True,True,True
TXN000626,ORD000626,21818.4,INR,Daily Needs,2026-08-10,BANK-FA095954,True,True,True
TXN000627,ORD000627,18001.96,INR,ABC Electronics,2026-08-14,BANK-BB46B024,True,True,True
TXN000628,ORD000628,8753.64,INR,Green Grocery,2026-08-05,BANK-2E633B1E,True,True,True
TXN000629,ORD000629,13004.89,INR,Daily Needs,2026-08-02,BANK-5307563E,True,True,True
TXN000630,ORD000630,6302.73,INR,Smart Home,2026-08-18,BANK-96F70D0E,True,True,True
TXN000631,ORD000631,21844.41,INR,Tech World,2026-08-14,BANK-45361124,True,True,True
TXN000632,ORD000632,5960.05,INR,Sri Lakshmi Stores,2026-08-05,BANK-96ECA28A,True,True,True
TXN000633,ORD000633,15331.61,INR,ABC Electronics,2026-08-08,BANK-09A6E31D,True,True,True
TXN000634,ORD000634,6092.0,INR,ABC Electronics,2026-08-21,BANK-11E6B044,True,True,True
TXN000635,ORD000635,13981.02,INR,Green Grocery,2026-08-20,BANK-7B7F168F,True,True,True
TXN000636,ORD000636,583.95,INR,Green Grocery,2026-08-06,BANK-73B11544,True,True,True
TXN000637,ORD000637,6379.75,INR,Smart Home,2026-08-18,BANK-6FBE2072,True,True,True
TXN000638,ORD000638,3780.82,INR,ABC Electronics,2026-08-06,BANK-2AF1AE9A,True,True,True
TXN000639,ORD000639,21561.38,INR,Fresh Mart,2026-08-15,BANK-0206D9E4,True,True,True
TXN000640,ORD000640,3905.0,INR,Tech World,2026-08-15,BANK-7489C2AA,True,True,True
TXN000641,ORD000641,2897.17,INR,Daily Needs,2026-08-06,BANK-5FB3F36C,True,True,True
TXN000642,ORD000642,4951.34,INR,Tech World,2026-08-19,BANK-CCBA93BD,True,True,True
TXN000643,ORD000643,9670.77,INR,Tech World,2026-08-10,BANK-57F993ED,True,True,True
TXN000644,ORD000644,21188.41,INR,Tech World,2026-08-09,BANK-FFF57C78,True,True,True
TXN000645,ORD000645,14588.19,INR,Urban Fashion,2026-08-02,BANK-054DCAF3,True,True,True
TXN000646,ORD000646,289.92,INR,Urban Fashion,2026-08-06,BANK-B0F092F4,True,True,True
TXN000647,ORD000647,19617.7,INR,Smart Home,2026-08-04,BANK-898D55CB,True,True,True
TXN000648,ORD000648,14994.79,INR,Tech World,2026-08-18,BANK-8F6D12B2,True,True,True
TXN000649,ORD000649,24272.39,INR,Tech World,2026-08-11,BANK-970165A8,True,True,True
TXN000650,ORD000650,17468.95,INR,Sri Lakshmi Stores,2026-08-07,BANK-4D4161D9,True,True,True
TXN000651,ORD000651,23576.61,INR,Green Grocery,2026-08-19,BANK-9E44AF7F,True,True,True
TXN000652,ORD000652,5160.98,INR,Daily Needs,2026-08-02,BANK-DC04F940,True,True,True
TXN000653,ORD000653,21205.01,INR,ABC Electronics,2026-08-19,BANK-9931C1F7,True,True,True
TXN000654,ORD000654,4208.48,INR,Sri Lakshmi Stores,2026-08-04,BANK-3C14AA8E,True,True,True
TXN000655,ORD000655,22517.14,INR,Green Grocery,2026-08-14,BANK-B5004894,True,True,True
TXN000656,ORD000656,15077.91,INR,Fresh Mart,2026-08-09,BANK-DD761E51,True,True,True
TXN000657,ORD000657,6034.35,INR,Fresh Mart,2026-08-13,BANK-D8F32E02,True,True,True
TXN000658,ORD000658,1379.14,INR,Sri Lakshmi Stores,2026-08-19,BANK-8899BAE3,True,True,True
TXN000659,ORD000659,23444.22,INR,Fresh Mart,2026-08-16,BANK-8F603BC7,True,True,True
TXN000660,ORD000660,22925.27,INR,Green Grocery,2026-08-11,BANK-7BFEA406,True,True,True
TXN000661,ORD000661,12555.75,INR,Urban Fashion,2026-08-08,BANK-9D4A9F2E,True,True,True
TXN000662,ORD000662,20073.48,INR,Fresh Mart,2026-08-04,BANK-08D9644D,True,True,True
TXN000663,ORD000663,18491.67,INR,Fresh Mart,2026-08-01,BANK-D5020F51,True,True,True
TXN000664,ORD000664,6669.89,INR,ABC Electronics,2026-08-14,BANK-D19AFE87,True,True,True
TXN000665,ORD000665,11306.05,INR,Smart Home,2026-08-13,BANK-67DB8A45,True,True,True
TXN000666,ORD000666,10928.06,INR,Urban Fashion,2026-08-03,BANK-6BF011A6,True,True,True
TXN000667,ORD000667,7009.55,INR,Fresh Mart,2026-08-18,BANK-D5F11D00,True,True,True
TXN000668,ORD000668,23878.23,INR,ABC Electronics,2026-08-21,BANK-D826E47E,True,True,True
TXN000669,ORD000669,24006.52,INR,Daily Needs,2026-08-01,BANK-66C9F495,True,True,True
TXN000670,ORD000670,6574.67,INR,ABC Electronics,2026-08-18,BANK-1E4B26AA,True,True,True
TXN000671,ORD000671,18180.98,INR,ABC Electronics,2026-08-02,BANK-BCE3DDB6,True,True,True
TXN000672,ORD000672,8475.72,INR,Green Grocery,2026-08-18,BANK-856FD0DF,True,True,True
TXN000673,ORD000673,9818.07,INR,ABC Electronics,2026-08-20,BANK-DAF77C91,True,True,True
TXN000674,ORD000674,6958.67,INR,Tech World,2026-08-09,BANK-988C29EA,True,True,True
TXN000675,ORD000675,13582.83,INR,Green Grocery,2026-08-11,BANK-98A323F9,True,True,True
TXN000676,ORD000676,11322.17,INR,ABC Electronics,2026-08-16,BANK-B38535A5,True,True,True
TXN000677,ORD000677,23065.72,INR,Daily Needs,2026-08-18,BANK-68705757,True,True,True
TXN000678,ORD000678,23285.31,INR,Daily Needs,2026-08-14,BANK-9DC83943,True,True,True
TXN000679,ORD000679,7801.98,INR,Sri Lakshmi Stores,2026-08-18,BANK-8A0E5C38,True,True,True
TXN000680,ORD000680,7682.31,INR,Smart Home,2026-08-17,BANK-09F855F9,True,True,True
TXN000681,ORD000681,4011.27,INR,Tech World,2026-08-13,BANK-DE52B418,True,True,True
TXN000682,ORD000682,5040.33,INR,Fresh Mart,2026-08-12,BANK-E2391781,True,True,True
TXN000683,ORD000683,19166.3,INR,Smart Home,2026-08-08,BANK-C746028C,True,True,True
TXN000684,ORD000684,21773.85,INR,Green Grocery,2026-08-17,BANK-51DA5EC8,True,True,True
TXN000685,ORD000685,12077.99,INR,Sri Lakshmi Stores,2026-08-05,BANK-A914D442,True,True,True
TXN000686,ORD000686,22969.38,INR,Smart Home,2026-08-16,BANK-66B2E87C,True,True,True
TXN000687,ORD000687,19350.6,INR,Green Grocery,2026-08-14,BANK-96B37591,True,True,True
TXN000688,ORD000688,17606.09,INR,Fresh Mart,2026-08-02,BANK-40FC4376,True,True,True
TXN000689,ORD000689,16703.86,INR,Fresh Mart,2026-08-10,BANK-F294B263,True,True,True
TXN000690,ORD000690,22538.65,INR,Green Grocery,2026-08-17,BANK-63D05237,True,True,True
TXN000691,ORD000691,570.7,INR,Fresh Mart,2026-08-10,BANK-4D8F9EB4,True,True,True
TXN000692,ORD000692,24785.2,INR,Green Grocery,2026-08-04,BANK-00323AEC,True,True,True
TXN000693,ORD000693,11244.22,INR,Tech World,2026-08-01,BANK-F6B0E9F9,True,True,True
TXN000694,ORD000694,12256.89,INR,Daily Needs,2026-08-14,BANK-4C91C916,True,True,True
TXN000695,ORD000695,18960.33,INR,Green Grocery,2026-08-17,BANK-B3D85F68,True,True,True
TXN000696,ORD000696,20189.4,INR,Fresh Mart,2026-08-18,BANK-FA0DA50F,True,True,True
TXN000697,ORD000697,21097.55,INR,Sri Lakshmi Stores,2026-08-06,BANK-259D7704,True,True,True
TXN000698,ORD000698,3865.41,INR,Green Grocery,2026-08-03,BANK-746DEBBB,True,True,True
TXN000699,ORD000699,13649.86,INR,Urban Fashion,2026-08-05,BANK-40658312,True,True,True
TXN000700,ORD000700,9255.43,INR,Fresh Mart,2026-08-09,BANK-1F5B653A,True,True,True
TXN000701,ORD000701,24427.57,INR,Sri Lakshmi Stores,2026-08-21,BANK-102FB041,True,True,True
TXN000702,ORD000702,5736.43,INR,Urban Fashion,2026-08-15,BANK-90B42E92,True,True,True
TXN000703,ORD000703,10041.16,INR,Sri Lakshmi Stores,2026-08-17,BANK-C9C1974E,True,True,True
TXN000704,ORD000704,17810.18,INR,Smart Home,2026-08-02,BANK-7B74490E,True,True,True
TXN000705,ORD000705,17361.14,INR,Green Grocery,2026-08-20,BANK-6C8C026A,True,True,True
TXN000706,ORD000706,9030.8,INR,Green Grocery,2026-08-14,BANK-39E9FE42,True,True,True
TXN000707,ORD000707,7278.09,INR,Smart Home,2026-08-15,BANK-79B952F4,True,True,True
TXN000708,ORD000708,22365.03,INR,Daily Needs,2026-08-02,BANK-88D5BA51,True,True,True
TXN000709,ORD000709,16293.92,INR,Green Grocery,2026-08-17,BANK-C5F43958,True,True,True
TXN000710,ORD000710,10748.61,INR,Sri Lakshmi Stores,2026-08-15,BANK-ED94ABC1,True,True,True
TXN000711,ORD000711,21342.54,INR,Sri Lakshmi Stores,2026-08-14,BANK-1C20B980,True,True,True
TXN000712,ORD000712,8621.79,INR,Green Grocery,2026-08-01,BANK-3F43279E,True,True,True
TXN000713,ORD000713,19627.94,INR,Smart Home,2026-08-05,BANK-9C8433CF,True,True,True
TXN000714,ORD000714,17967.44,INR,ABC Electronics,2026-08-03,BANK-F8B61578,True,True,True
TXN000715,ORD000715,16727.04,INR,Sri Lakshmi Stores,2026-08-10,BANK-56100E0B,True,True,True
TXN000716,ORD000716,11840.71,INR,Fresh Mart,2026-08-10,BANK-5B43B9A5,True,True,True
TXN000717,ORD000717,10466.64,INR,Tech World,2026-08-07,BANK-23450888,True,True,True
TXN000718,ORD000718,20084.93,INR,ABC Electronics,2026-08-21,BANK-18BD4CB5,True,True,True
TXN000719,ORD000719,1906.67,INR,Sri Lakshmi Stores,2026-08-03,BANK-960BAD35,True,True,True
TXN000720,ORD000720,16487.28,INR,Daily Needs,2026-08-17,BANK-CA065E85,True,True,True
TXN000721,ORD000721,20839.02,INR,Sri Lakshmi Stores,2026-08-02,BANK-9A45CC78,True,True,True
TXN000722,ORD000722,14454.22,INR,Urban Fashion,2026-08-18,BANK-0AC8DB51,True,True,True
TXN000723,ORD000723,1472.67,INR,Smart Home,2026-08-06,BANK-2FBB3332,True,True,True
TXN000724,ORD000724,10654.83,INR,Fresh Mart,2026-08-04,BANK-9E4329B4,True,True,True
TXN000725,ORD000725,10737.89,INR,Daily Needs,2026-08-07,BANK-6360E10B,True,True,True
TXN000726,ORD000726,21675.1,INR,Fresh Mart,2026-08-07,BANK-294A378A,True,True,True
TXN000727,ORD000727,13290.18,INR,Smart Home,2026-08-10,BANK-598FC013,True,True,True
TXN000728,ORD000728,6466.11,INR,Sri Lakshmi Stores,2026-08-01,BANK-D622AB19,True,True,True
TXN000729,ORD000729,5684.78,INR,Daily Needs,2026-08-05,BANK-EB199AFC,True,True,True
TXN000730,ORD000730,16886.97,INR,Daily Needs,2026-08-15,BANK-1764A178,True,True,True
TXN000731,ORD000731,5421.94,INR,Smart Home,2026-08-08,BANK-D39E7D33,True,True,True
TXN000732,ORD000732,5891.71,INR,Daily Needs,2026-08-06,BANK-AEE4A16D,True,True,True
TXN000733,ORD000733,22947.88,INR,Sri Lakshmi Stores,2026-08-01,BANK-81A03059,True,True,True
TXN000734,ORD000734,20295.84,INR,Daily Needs,2026-08-02,BANK-4AD56714,True,True,True
TXN000735,ORD000735,9133.3,INR,Smart Home,2026-08-06,BANK-FCA2C164,True,True,True
TXN000736,ORD000736,18011.67,INR,Sri Lakshmi Stores,2026-08-16,BANK-FC86C12E,True,True,True
TXN000737,ORD000737,1275.15,INR,Fresh Mart,2026-08-13,BANK-1324415B,True,True,True
TXN000738,ORD000738,23232.73,INR,Tech World,2026-08-19,BANK-1B806D4B,True,True,True
TXN000739,ORD000739,14807.47,INR,ABC Electronics,2026-08-19,BANK-5E7D0B19,True,True,True
TXN000740,ORD000740,15518.9,INR,Daily Needs,2026-08-04,BANK-D1A6638D,True,True,True
TXN000741,ORD000741,10143.2,INR,Smart Home,2026-08-13,BANK-9CD13D12,True,True,True
TXN000742,ORD000742,2747.39,INR,Tech World,2026-08-20,BANK-F2FDFBDF,True,True,True
TXN000743,ORD000743,13370.61,INR,Smart Home,2026-08-09,BANK-C60D3CE6,True,True,True
TXN000744,ORD000744,21496.48,INR,Sri Lakshmi Stores,2026-08-01,BANK-CB7E74DA,True,True,True
TXN000745,ORD000745,17361.34,INR,Tech World,2026-08-06,BANK-B191C49D,True,True,True
TXN000746,ORD000746,13374.9,INR,Sri Lakshmi Stores,2026-08-16,BANK-CCF1B42F,True,True,True
TXN000747,ORD000747,7276.18,INR,Fresh Mart,2026-08-16,BANK-8EFCB35E,True,True,True
TXN000748,ORD000748,10540.74,INR,Smart Home,2026-08-01,BANK-13762811,True,True,True
TXN000749,ORD000749,9942.86,INR,Tech World,2026-08-08,BANK-24B72E51,True,True,True
TXN000750,ORD000750,5325.93,INR,Sri Lakshmi Stores,2026-08-14,BANK-EA439AC7,True,True,True
TXN000751,ORD000751,24059.88,INR,Urban Fashion,2026-08-01,BANK-7ECE8D3F,True,True,True
TXN000752,ORD000752,18740.47,INR,Smart Home,2026-08-07,BANK-CEDADB07,True,True,True
TXN000753,ORD000753,7864.59,INR,Sri Lakshmi Stores,2026-08-12,BANK-28C7856B,True,True,True
TXN000754,ORD000754,12571.98,INR,Fresh Mart,2026-08-13,BANK-155392B0,True,True,True
TXN000755,ORD000755,9250.59,INR,Green Grocery,2026-08-08,BANK-7622D383,True,True,True
TXN000756,ORD000756,21773.63,INR,Daily Needs,2026-08-04,BANK-386518A4,True,True,True
TXN000757,ORD000757,24490.38,INR,Tech World,2026-08-09,BANK-479F5408,True,True,True
TXN000758,ORD000758,6240.3,INR,ABC Electronics,2026-08-02,BANK-60F93795,True,True,True
TXN000759,ORD000759,16579.1,INR,Green Grocery,2026-08-20,BANK-246FD759,True,True,True
TXN000760,ORD000760,19629.16,INR,Tech World,2026-08-03,BANK-59194FE0,True,True,True
TXN000761,ORD000761,17973.49,INR,ABC Electronics,2026-08-12,BANK-AF30F08D,True,True,True
TXN000762,ORD000762,10482.31,INR,Daily Needs,2026-08-09,BANK-B52046CC,True,True,True
TXN000763,ORD000763,2546.95,INR,Tech World,2026-08-05,BANK-255EDE06,True,True,True
TXN000764,ORD000764,14639.11,INR,Daily Needs,2026-08-09,BANK-51979052,True,True,True
TXN000765,ORD000765,18311.0,INR,Daily Needs,2026-08-18,BANK-96BE16A7,True,True,True
TXN000766,ORD000766,13097.33,INR,Fresh Mart,2026-08-13,BANK-1180FF31,True,True,True
TXN000767,ORD000767,2192.79,INR,Green Grocery,2026-08-11,BANK-7BD9215D,True,True,True
TXN000768,ORD000768,24343.96,INR,Green Grocery,2026-08-10,BANK-4E40C1EC,True,True,True
TXN000769,ORD000769,14736.09,INR,Fresh Mart,2026-08-18,BANK-4F6FF770,True,True,True
TXN000770,ORD000770,11164.49,INR,Tech World,2026-08-04,BANK-0A3F00E0,True,True,True
TXN000771,ORD000771,11195.36,INR,Green Grocery,2026-08-19,BANK-6E19CCE4,True,True,True
TXN000772,ORD000772,14312.27,INR,Smart Home,2026-08-09,BANK-8B043EA8,True,True,True
TXN000773,ORD000773,23998.6,INR,ABC Electronics,2026-08-09,BANK-10482894,True,True,True
TXN000774,ORD000774,23505.17,INR,Smart Home,2026-08-16,BANK-6007788B,True,True,True
TXN000775,ORD000775,15464.79,INR,Green Grocery,2026-08-14,BANK-93712529,True,True,True
TXN000776,ORD000776,12977.68,INR,Smart Home,2026-08-09,BANK-6DA30C73,True,True,True
TXN000777,ORD000777,8373.39,INR,Green Grocery,2026-08-20,BANK-97872F03,True,True,True
TXN000778,ORD000778,23957.15,INR,Fresh Mart,2026-08-19,BANK-AFD176A3,True,True,True
TXN000779,ORD000779,10050.88,INR,Green Grocery,2026-08-13,BANK-67F9FF72,True,True,True
TXN000780,ORD000780,18459.41,INR,Fresh Mart,2026-08-08,BANK-CDE99104,True,True,True
TXN000781,ORD000781,17679.51,INR,Tech World,2026-08-14,BANK-8558AD2A,True,True,True
TXN000782,ORD000782,24008.1,INR,Daily Needs,2026-08-06,BANK-4BA28C79,True,True,True
TXN000783,ORD000783,20703.14,INR,Fresh Mart,2026-08-17,BANK-8BD58BFA,True,True,True
TXN000784,ORD000784,16907.35,INR,Tech World,2026-08-09,BANK-BBFC49CF,True,True,True
TXN000785,ORD000785,24450.95,INR,Tech World,2026-08-01,BANK-D0E4E075,True,True,True
TXN000786,ORD000786,9304.18,INR,ABC Electronics,2026-08-16,BANK-3917ADE4,True,True,True
TXN000787,ORD000787,13743.3,INR,Sri Lakshmi Stores,2026-08-20,BANK-DA40500A,True,True,True
TXN000788,ORD000788,7805.02,INR,Smart Home,2026-08-03,BANK-CA83FB04,True,True,True
TXN000789,ORD000789,4380.49,INR,Green Grocery,2026-08-17,BANK-E0ECDD4C,True,True,True
TXN000790,ORD000790,21058.47,INR,Sri Lakshmi Stores,2026-08-02,BANK-7F735BC5,True,True,True
TXN000791,ORD000791,16599.66,INR,Fresh Mart,2026-08-16,BANK-0ABBC2C9,True,True,True
TXN000792,ORD000792,3848.42,INR,Urban Fashion,2026-08-11,BANK-D7B8F5FB,True,True,True
TXN000793,ORD000793,14027.29,INR,ABC Electronics,2026-08-01,BANK-5E4C0D93,True,True,True
TXN000794,ORD000794,16053.76,INR,Urban Fashion,2026-08-19,BANK-70D172BD,True,True,True
TXN000795,ORD000795,4150.57,INR,Green Grocery,2026-08-17,BANK-E1E47655,True,True,True
TXN000796,ORD000796,7491.48,INR,Smart Home,2026-08-01,BANK-AE806918,True,True,True
TXN000797,ORD000797,6618.88,INR,Fresh Mart,2026-08-04,BANK-0A420F53,True,True,True
TXN000798,ORD000798,17555.09,INR,Green Grocery,2026-08-08,BANK-3B1CC95F,True,True,True
TXN000799,ORD000799,18478.92,INR,Sri Lakshmi Stores,2026-08-05,BANK-A35573C3,True,True,True
TXN000800,ORD000800,7496.33,INR,Smart Home,2026-08-08,BANK-7AC166F3,True,True,True
TXN000801,ORD000801,14610.84,INR,Sri Lakshmi Stores,2026-08-18,BANK-FF0DD027,True,True,True
TXN000802,ORD000802,1995.36,INR,Green Grocery,2026-08-03,BANK-248C3840,True,True,True
TXN000803,ORD000803,7923.34,INR,Green Grocery,2026-08-01,BANK-D181C600,True,True,True
TXN000804,ORD000804,9020.64,INR,ABC Electronics,2026-08-09,BANK-0128C11C,True,True,True
TXN000805,ORD000805,3433.97,INR,Tech World,2026-08-02,BANK-3661F1E9,True,True,True
TXN000806,ORD000806,2849.47,INR,Smart Home,2026-08-10,BANK-2D0EB28C,True,True,True
TXN000807,ORD000807,4937.42,INR,Daily Needs,2026-08-01,BANK-897F8C3A,True,True,True
TXN000808,ORD000808,19397.61,INR,Urban Fashion,2026-08-18,BANK-BCD0A551,True,True,True
TXN000809,ORD000809,20171.38,INR,Sri Lakshmi Stores,2026-08-12,BANK-A997BC96,True,True,True
TXN000810,ORD000810,15587.96,INR,Smart Home,2026-08-05,BANK-26359AC6,True,True,True
TXN000811,ORD000811,13330.54,INR,Urban Fashion,2026-08-03,BANK-FC24DBCC,True,True,True
TXN000812,ORD000812,4373.19,INR,Green Grocery,2026-08-01,BANK-DA104667,True,True,True
TXN000813,ORD000813,17184.27,INR,Tech World,2026-08-11,BANK-96645B47,True,True,True
TXN000814,ORD000814,19033.39,INR,ABC Electronics,2026-08-12,BANK-AED4F28B,True,True,True
TXN000815,ORD000815,2877.77,INR,ABC Electronics,2026-08-09,BANK-BA499353,True,True,True
TXN000816,ORD000816,3616.15,INR,Daily Needs,2026-08-10,BANK-AA9219CF,True,True,True
TXN000817,ORD000817,15990.09,INR,Green Grocery,2026-08-13,BANK-3322D556,True,True,True
TXN000818,ORD000818,19714.63,INR,Urban Fashion,2026-08-17,BANK-A5103237,True,True,True
TXN000819,ORD000819,17060.86,INR,Smart Home,2026-08-08,BANK-0419311B,True,True,True
TXN000820,ORD000820,15659.97,INR,ABC Electronics,2026-08-12,BANK-FB1D5DE0,True,True,True
TXN000821,ORD000821,2204.48,INR,Smart Home,2026-08-03,BANK-D05F9A41,True,True,True
TXN000822,ORD000822,1052.92,INR,ABC Electronics,2026-08-21,BANK-60ED177F,True,True,True
TXN000823,ORD000823,10681.21,INR,ABC Electronics,2026-08-10,BANK-F4E5CB2A,True,True,True
TXN000824,ORD000824,24835.14,INR,Fresh Mart,2026-08-16,BANK-2F190E61,True,True,True
TXN000825,ORD000825,23141.37,INR,ABC Electronics,2026-08-09,BANK-AD173BE3,True,True,True
TXN000826,ORD000826,19982.93,INR,Urban Fashion,2026-08-12,BANK-7BC6ADD9,True,True,True
TXN000827,ORD000827,2246.71,INR,Sri Lakshmi Stores,2026-08-11,BANK-A57585F8,True,True,True
TXN000828,ORD000828,15409.97,INR,Fresh Mart,2026-08-04,BANK-A7DCD2A4,True,True,True
TXN000829,ORD000829,10759.3,INR,Tech World,2026-08-09,BANK-63937BEA,True,True,True
TXN000830,ORD000830,18983.82,INR,Tech World,2026-08-20,BANK-561D91B3,True,True,True
TXN000831,ORD000831,4091.25,INR,Daily Needs,2026-08-03,BANK-9AF31FA3,True,True,True
TXN000832,ORD000832,753.49,INR,Green Grocery,2026-08-16,BANK-9449B8A5,True,True,True
TXN000833,ORD000833,6914.79,INR,Green Grocery,2026-08-21,BANK-FEDB4CC4,True,True,True
TXN000834,ORD000834,14318.55,INR,Urban Fashion,2026-08-10,BANK-73CE6A13,True,True,True
TXN000835,ORD000835,1862.28,INR,Tech World,2026-08-07,BANK-2D8BA21A,True,True,True
TXN000836,ORD000836,4602.08,INR,Smart Home,2026-08-01,BANK-9386E7D4,True,True,True
TXN000837,ORD000837,3499.29,INR,Green Grocery,2026-08-10,BANK-E036C7C9,True,True,True
TXN000838,ORD000838,1534.73,INR,Daily Needs,2026-08-17,BANK-B46BA75D,True,True,True
TXN000839,ORD000839,2098.77,INR,Sri Lakshmi Stores,2026-08-02,BANK-E9F7716E,True,True,True
TXN000840,ORD000840,14580.61,INR,ABC Electronics,2026-08-01,BANK-7A921DD5,True,True,True
TXN000841,ORD000841,19278.23,INR,Fresh Mart,2026-08-08,BANK-F73D4755,True,True,True
TXN000842,ORD000842,12658.99,INR,Smart Home,2026-08-20,BANK-F05B852D,True,True,True
TXN000843,ORD000843,19304.35,INR,Smart Home,2026-08-06,BANK-B1EE1ABD,True,True,True
TXN000844,ORD000844,16318.85,INR,Smart Home,2026-08-13,BANK-B4048E1D,True,True,True
TXN000845,ORD000845,13704.37,INR,Smart Home,2026-08-08,BANK-0C03CF4C,True,True,True
TXN000846,ORD000846,3882.06,INR,Green Grocery,2026-08-14,BANK-9797E693,True,True,True
TXN000847,ORD000847,11853.37,INR,Sri Lakshmi Stores,2026-08-15,BANK-DC88CA98,True,True,True
TXN000848,ORD000848,3993.65,INR,Green Grocery,2026-08-15,BANK-9A78962E,True,True,True
TXN000849,ORD000849,16564.44,INR,ABC Electronics,2026-08-16,BANK-2E9124A1,True,True,True
TXN000850,ORD000850,3790.28,INR,Smart Home,2026-08-07,BANK-C310913A,True,True,True
TXN000851,ORD000851,11438.18,INR,Sri Lakshmi Stores,2026-08-14,BANK-3C4A3F79,True,True,True
TXN000852,ORD000852,21132.28,INR,Green Grocery,2026-08-07,BANK-14139E76,True,True,True
TXN000853,ORD000853,4987.2,INR,Sri Lakshmi Stores,2026-08-16,BANK-B4CF1E78,True,True,True
TXN000854,ORD000854,4792.55,INR,Smart Home,2026-08-08,BANK-D68B2524,True,True,True
TXN000855,ORD000855,392.57,INR,Urban Fashion,2026-08-18,BANK-A020C262,True,True,True
TXN000856,ORD000856,17396.82,INR,Green Grocery,2026-08-03,BANK-F62072EB,True,True,True
TXN000857,ORD000857,23356.84,INR,Fresh Mart,2026-08-15,BANK-A89F17B4,True,True,True
TXN000858,ORD000858,13966.02,INR,ABC Electronics,2026-08-03,BANK-BAC10E89,True,True,True
TXN000859,ORD000859,23757.97,INR,Urban Fashion,2026-08-16,BANK-78526BA7,True,True,True
TXN000860,ORD000860,10938.89,INR,Tech World,2026-08-14,BANK-64F20CE7,True,True,True
TXN000861,ORD000861,1407.24,INR,Tech World,2026-08-08,BANK-66101DBC,True,True,True
TXN000862,ORD000862,21500.58,INR,Green Grocery,2026-08-19,BANK-45A0D769,True,True,True
TXN000863,ORD000863,461.8,INR,Daily Needs,2026-08-14,BANK-8643E5A6,True,True,True
TXN000864,ORD000864,7978.94,INR,Green Grocery,2026-08-14,BANK-AF0D33E2,True,True,True
TXN000865,ORD000865,11436.66,INR,Daily Needs,2026-08-14,BANK-1E2B547E,True,True,True
TXN000866,ORD000866,5969.0,INR,Sri Lakshmi Stores,2026-08-02,BANK-C7B78115,True,True,True
TXN000867,ORD000867,2673.0,INR,ABC Electronics,2026-08-05,BANK-7F874B44,True,True,True
TXN000868,ORD000868,20797.96,INR,Sri Lakshmi Stores,2026-08-11,BANK-A13B2872,True,True,True
TXN000869,ORD000869,8013.15,INR,Daily Needs,2026-08-02,BANK-EE0B747F,True,True,True
TXN000870,ORD000870,21714.09,INR,Sri Lakshmi Stores,2026-08-20,BANK-3EA90D91,True,True,True
TXN000871,ORD000871,20140.91,INR,ABC Electronics,2026-08-09,BANK-287D295E,True,True,True
TXN000872,ORD000872,20192.5,INR,Daily Needs,2026-08-18,BANK-034233DF,True,True,True
TXN000873,ORD000873,10739.35,INR,Urban Fashion,2026-08-12,BANK-6B1333BF,True,True,True
TXN000874,ORD000874,16493.87,INR,Smart Home,2026-08-04,BANK-DC3A74F2,True,True,True
TXN000875,ORD000875,10679.21,INR,Tech World,2026-08-14,BANK-DBA0E234,True,True,True
TXN000876,ORD000876,13530.14,INR,Sri Lakshmi Stores,2026-08-06,BANK-7DE29A59,True,True,True
TXN000877,ORD000877,20820.84,INR,Sri Lakshmi Stores,2026-08-06,BANK-EF080A42,True,True,True
TXN000878,ORD000878,6427.56,INR,Daily Needs,2026-08-02,BANK-E552F23A,True,True,True
TXN000879,ORD000879,10016.76,INR,Smart Home,2026-08-07,BANK-27D5E026,True,True,True
TXN000880,ORD000880,5691.68,INR,ABC Electronics,2026-08-18,BANK-7FC7DBDC,True,True,True
TXN000881,ORD000881,23074.75,INR,Urban Fashion,2026-08-11,BANK-E185543C,True,True,True
TXN000882,ORD000882,13238.8,INR,ABC Electronics,2026-08-01,BANK-DD97C79C,True,True,True
TXN000883,ORD000883,12588.51,INR,Fresh Mart,2026-08-04,BANK-4B9C975C,True,True,True
TXN000884,ORD000884,23202.58,INR,Fresh Mart,2026-08-18,BANK-E9C0F061,True,True,True
TXN000885,ORD000885,13847.22,INR,Fresh Mart,2026-08-20,BANK-53428960,True,True,True
TXN000886,ORD000886,10114.04,INR,Green Grocery,2026-08-15,BANK-F8AD868F,True,True,True
TXN000887,ORD000887,15748.78,INR,Smart Home,2026-08-19,BANK-E736436B,True,True,True
TXN000888,ORD000888,14129.37,INR,Daily Needs,2026-08-02,BANK-B4F1ED27,True,True,True
TXN000889,ORD000889,24052.98,INR,Tech World,2026-08-16,BANK-4B16AAF8,True,True,True
TXN000890,ORD000890,8355.7,INR,Green Grocery,2026-08-21,BANK-60BDD8DA,True,True,True
TXN000891,ORD000891,8898.35,INR,Urban Fashion,2026-08-07,BANK-F5FB5F20,True,True,True
TXN000892,ORD000892,19948.97,INR,Tech World,2026-08-12,BANK-6679A515,True,True,True
TXN000893,ORD000893,4894.78,INR,Smart Home,2026-08-02,BANK-9EDB3F15,True,True,True
TXN000894,ORD000894,4440.37,INR,Fresh Mart,2026-08-01,BANK-60167089,True,True,True
TXN000895,ORD000895,24142.34,INR,Smart Home,2026-08-19,BANK-56923676,True,True,True
TXN000896,ORD000896,14748.7,INR,Urban Fashion,2026-08-10,BANK-32597876,True,True,True
TXN000897,ORD000897,21587.01,INR,Tech World,2026-08-10,BANK-34865A39,True,True,True
TXN000898,ORD000898,3118.12,INR,Daily Needs,2026-08-13,BANK-5FAED126,True,True,True
TXN000899,ORD000899,21278.78,INR,Tech World,2026-08-12,BANK-904ED055,True,True,True
TXN000900,ORD000900,6085.16,INR,Sri Lakshmi Stores,2026-08-21,BANK-DEBF7E43,True,True,True
TXN000901,ORD000901,16543.21,INR,Fresh Mart,2026-08-21,BANK-03234E60,True,True,True
TXN000902,ORD000902,1815.77,INR,Smart Home,2026-08-17,BANK-CB61342B,True,True,True
TXN000903,ORD000903,23511.06,INR,Urban Fashion,2026-08-04,BANK-2D17B8B9,True,True,True
TXN000904,ORD000904,6358.22,INR,Daily Needs,2026-08-03,BANK-2BF72E27,True,True,True
TXN000905,ORD000905,1731.86,INR,Tech World,2026-08-09,BANK-028A67A9,True,True,True
TXN000906,ORD000906,10907.67,INR,Tech World,2026-08-17,BANK-32928BB6,True,True,True
TXN000907,ORD000907,636.42,INR,ABC Electronics,2026-08-08,BANK-C242E940,True,True,True
TXN000908,ORD000908,7427.91,INR,Daily Needs,2026-08-18,BANK-C8944181,True,True,True
TXN000909,ORD000909,20932.89,INR,Fresh Mart,2026-08-13,BANK-113E1261,True,True,True
TXN000910,ORD000910,16904.1,INR,Tech World,2026-08-16,BANK-CC3B233A,True,True,True
TXN000911,ORD000911,5052.99,INR,ABC Electronics,2026-08-20,BANK-A1391834,True,True,True
TXN000912,ORD000912,10724.78,INR,Sri Lakshmi Stores,2026-08-13,BANK-8A711FDE,True,True,True
TXN000913,ORD000913,23050.72,INR,Tech World,2026-08-17,BANK-C9EB0D0D,True,True,True
TXN000914,ORD000914,6620.92,INR,Sri Lakshmi Stores,2026-08-07,BANK-BA5E9B22,True,True,True
TXN000915,ORD000915,2765.05,INR,ABC Electronics,2026-08-15,BANK-DF19FA08,True,True,True
TXN000916,ORD000916,15539.1,INR,Urban Fashion,2026-08-14,BANK-74C78094,True,True,True
TXN000917,ORD000917,3967.53,INR,Daily Needs,2026-08-08,BANK-CE04F659,True,True,True
TXN000918,ORD000918,1139.67,INR,Urban Fashion,2026-08-06,BANK-A4750DA5,True,True,True
TXN000919,ORD000919,166.78,INR,Tech World,2026-08-11,BANK-09E08DC6,True,True,True
TXN000920,ORD000920,24788.25,INR,Sri Lakshmi Stores,2026-08-19,BANK-01F537F3,True,True,True
TXN000921,ORD000921,17403.38,INR,Fresh Mart,2026-08-18,BANK-DAFC02C0,True,True,True
TXN000922,ORD000922,1424.64,INR,Green Grocery,2026-08-08,BANK-8F32C78D,True,True,True
TXN000923,ORD000923,7739.73,INR,Fresh Mart,2026-08-21,BANK-EE61D731,True,True,True
TXN000924,ORD000924,19569.55,INR,Urban Fashion,2026-08-11,BANK-BE3C8A9D,True,True,True
TXN000925,ORD000925,23815.36,INR,ABC Electronics,2026-08-14,BANK-AE1629B3,True,True,True
TXN000926,ORD000926,15269.4,INR,Smart Home,2026-08-15,BANK-EE4B3A9D,True,True,True
TXN000927,ORD000927,3959.85,INR,Daily Needs,2026-08-08,BANK-4098E5F6,True,True,True
TXN000928,ORD000928,4542.69,INR,Green Grocery,2026-08-16,BANK-A8A955C7,True,True,True
TXN000929,ORD000929,22610.72,INR,Green Grocery,2026-08-19,BANK-B69FE453,True,True,True
TXN000930,ORD000930,15142.61,INR,Green Grocery,2026-08-14,BANK-7DE43E48,True,True,True
TXN000931,ORD000931,21406.13,INR,Tech World,2026-08-11,BANK-E0B9010B,True,True,True
TXN000932,ORD000932,4206.4,INR,Sri Lakshmi Stores,2026-08-01,BANK-A946B3CF,True,True,True
TXN000933,ORD000933,921.89,INR,Green Grocery,2026-08-20,BANK-7584DF50,True,True,True
TXN000934,ORD000934,13994.53,INR,Green Grocery,2026-08-16,BANK-FE903CA5,True,True,True
TXN000935,ORD000935,21125.27,INR,Sri Lakshmi Stores,2026-08-18,BANK-DC1873E1,True,True,True
TXN000936,ORD000936,8123.54,INR,Daily Needs,2026-08-14,BANK-6CAD0A99,True,True,True
TXN000937,ORD000937,5554.5,INR,Fresh Mart,2026-08-03,BANK-B7265E06,True,True,True
TXN000938,ORD000938,21043.83,INR,Smart Home,2026-08-19,BANK-B7B8FC85,True,True,True
TXN000939,ORD000939,11076.65,INR,ABC Electronics,2026-08-07,BANK-91DEFD81,True,True,True
TXN000940,ORD000940,9809.51,INR,Tech World,2026-08-16,BANK-9D4E2A30,True,True,True
TXN000941,ORD000941,6121.06,INR,Green Grocery,2026-08-15,BANK-C1220D11,True,True,True
TXN000942,ORD000942,4640.59,INR,ABC Electronics,2026-08-16,BANK-1D78018E,True,True,True
TXN000943,ORD000943,2499.89,INR,Daily Needs,2026-08-21,BANK-4F167D7A,True,True,True
TXN000944,ORD000944,19468.52,INR,ABC Electronics,2026-08-04,BANK-785532AE,True,True,True
TXN000945,ORD000945,9559.19,INR,Sri Lakshmi Stores,2026-08-19,BANK-98073C17,True,True,True
TXN000946,ORD000946,7013.52,INR,Urban Fashion,2026-08-20,BANK-EEADFBD0,True,True,True
TXN000947,ORD000947,2009.26,INR,ABC Electronics,2026-08-13,BANK-8DB5D090,True,True,True
TXN000948,ORD000948,14093.74,INR,Smart Home,2026-08-16,BANK-43D45F9C,True,True,True
TXN000949,ORD000949,2953.11,INR,Tech World,2026-08-02,BANK-F0624C15,True,True,True
TXN000950,ORD000950,1290.29,INR,Smart Home,2026-08-15,BANK-AFA5724A,True,True,True
TXN000951,ORD000951,6795.95,INR,Green Grocery,2026-08-08,BANK-F4882D8C,True,True,True
TXN000952,ORD000952,21762.42,INR,Urban Fashion,2026-08-21,BANK-472C8880,True,True,True
TXN000953,ORD000953,11563.85,INR,Smart Home,2026-08-05,BANK-47EED5A9,True,True,True
TXN000954,ORD000954,21841.53,INR,Green Grocery,2026-08-21,BANK-EF970B50,True,True,True
TXN000955,ORD000955,5003.41,INR,Tech World,2026-08-11,BANK-56D9E57C,True,True,True
TXN000956,ORD000956,10467.16,INR,Green Grocery,2026-08-09,BANK-AF0219C5,True,True,True
TXN000957,ORD000957,13659.12,INR,Green Grocery,2026-08-15,BANK-CFEEF652,True,True,True
TXN000958,ORD000958,10685.78,INR,Fresh Mart,2026-08-20,BANK-ADE858CB,True,True,True
TXN000959,ORD000959,10844.42,INR,Tech World,2026-08-02,BANK-93A9118C,True,True,True
TXN000960,ORD000960,12754.91,INR,Smart Home,2026-08-13,BANK-A90EA9F3,True,True,True
TXN000961,ORD000961,14313.55,INR,ABC Electronics,2026-08-14,BANK-E8958861,True,True,True
TXN000962,ORD000962,11401.76,INR,Tech World,2026-08-02,BANK-6C40A848,True,True,True
TXN000963,ORD000963,24915.7,INR,Urban Fashion,2026-08-14,BANK-534CB65C,True,True,True
TXN000964,ORD000964,6609.25,INR,Sri Lakshmi Stores,2026-08-20,BANK-F8F9292D,True,True,True
TXN000965,ORD000965,7245.6,INR,Fresh Mart,2026-08-05,BANK-7BDF10DF,True,True,True
TXN000966,ORD000966,16021.86,INR,Green Grocery,2026-08-01,BANK-6683FE9F,True,True,True
TXN000967,ORD000967,5232.79,INR,Fresh Mart,2026-08-03,BANK-8BF80D66,True,True,True
TXN000968,ORD000968,3072.2,INR,Smart Home,2026-08-02,BANK-25DC7285,True,True,True
TXN000969,ORD000969,12606.72,INR,Smart Home,2026-08-13,BANK-8B43DA27,True,True,True
TXN000970,ORD000970,1378.77,INR,Urban Fashion,2026-08-07,BANK-0C180005,True,True,True
TXN000971,ORD000971,18921.95,INR,Smart Home,2026-08-06,BANK-D6F53817,True,True,True
TXN000972,ORD000972,23574.46,INR,Daily Needs,2026-08-01,BANK-AB4C278D,True,True,True
TXN000973,ORD000973,16009.47,INR,Urban Fashion,2026-08-05,BANK-DDF48054,True,True,True
TXN000974,ORD000974,16410.15,INR,Fresh Mart,2026-08-15,BANK-747C922B,True,True,True
TXN000975,ORD000975,20682.4,INR,Urban Fashion,2026-08-21,BANK-81F0A785,True,True,True
TXN000976,ORD000976,4778.5,INR,Sri Lakshmi Stores,2026-08-03,BANK-128406F6,True,True,True
TXN000977,ORD000977,21225.97,INR,Smart Home,2026-08-14,BANK-62D1DA39,True,True,True
TXN000978,ORD000978,3871.38,INR,Tech World,2026-08-01,BANK-A70B79A0,True,True,True
TXN000979,ORD000979,2906.68,INR,Sri Lakshmi Stores,2026-08-05,BANK-AB5242A7,True,True,True
TXN000980,ORD000980,7207.93,INR,Sri Lakshmi Stores,2026-08-02,BANK-3E99D1F1,True,True,True
TXN000981,ORD000981,18886.14,INR,Green Grocery,2026-08-15,BANK-8005F02E,True,True,True
TXN000982,ORD000982,4846.34,INR,Sri Lakshmi Stores,2026-08-11,BANK-67408073,True,True,True
TXN000983,ORD000983,1259.8,INR,Daily Needs,2026-08-20,BANK-9017DCC4,True,True,True
TXN000984,ORD000984,20356.36,INR,Fresh Mart,2026-08-10,BANK-21EBCF18,True,True,True
TXN000985,ORD000985,4105.81,INR,ABC Electronics,2026-08-05,BANK-86CB7C67,True,True,True
TXN000986,ORD000986,20508.01,INR,Green Grocery,2026-08-20,BANK-1DF86B3E,True,True,True
TXN000987,ORD000987,13157.94,INR,Green Grocery,2026-08-14,BANK-8D18DA6F,True,True,True
TXN000988,ORD000988,13390.08,INR,Urban Fashion,2026-08-08,BANK-1E2DED83,True,True,True
TXN000989,ORD000989,19003.35,INR,Urban Fashion,2026-08-04,BANK-111674F1,True,True,True
TXN000990,ORD000990,16024.26,INR,Green Grocery,2026-08-19,BANK-2F423ED4,True,True,True
TXN000991,ORD000991,22651.75,INR,Tech World,2026-08-08,BANK-2C3034B8,True,True,True
TXN000992,ORD000992,14969.39,INR,Urban Fashion,2026-08-15,BANK-E75CA156,True,True,True
TXN000993,ORD000993,16687.12,INR,Sri Lakshmi Stores,2026-08-02,BANK-B37BA3C7,True,True,True
TXN000994,ORD000994,21212.35,INR,Urban Fashion,2026-08-21,BANK-67C076E6,True,True,True
TXN000995,ORD000995,14410.73,INR,Urban Fashion,2026-08-04,BANK-5F7690E5,True,True,True
TXN000996,ORD000996,10474.54,INR,Daily Needs,2026-08-04,BANK-775D7A5F,True,True,True
TXN000997,ORD000997,10378.51,INR,Sri Lakshmi Stores,2026-08-02,BANK-30C3B81A,True,True,True
TXN000998,ORD000998,655.79,INR,Daily Needs,2026-08-13,BANK-A03806FE,True,True,True
TXN000999,ORD000999,10991.42,INR,Fresh Mart,2026-08-19,BANK-672539D2,True,True,True
TXN001000,ORD001000,24043.46,INR,Sri Lakshmi Stores,2026-08-13,BANK-0EF13DE3,True,True,True
